,Players,Ratings,Season
0,Luis Suarez,89,2013
1,Robin van Persie,89,2013
2,Eden Hazard,88,2013
3,Sergio Aguero,88,2013
4,Juan Mata,87,2013
5,Mesut Ozil,87,2013
6,David Silva,87,2013
7,Wayne Rooney,87,2013
8,Vincent Kompany,86,2013
9,Yaya Toure,86,2013
10,Nemanja Vidic,85,2013
11,Petr Cech,85,2013
12,Christian Eriksen,84,2013
13,Oscar,84,2013
14,Hugo Lloris,84,2013
15,Samir Nasri,84,2013
16,Santi Cazorla,84,2013
17,De Gea,83,2013
18,Stevan Jovetic,83,2013
19,Edin Dzeko,83,2013
20,Willian,83,2013
21,Daniel Sturridge,83,2013
22,Jesus Navas,83,2013
23,Negredo,83,2013
24,Ashley Cole,83,2013
25,Steven Gerrard,83,2013
26,John Terry,83,2013
27,Jack Wilshere,82,2013
28,Aaron Ramsey,82,2013
29,David Luiz,82,2013
30,Javier Hernandez,82,2013
31,Simon Mignolet,82,2013
32,Jan Vertonghen,82,2013
33,Asmir Begovic,82,2013
34,Laurent Koscielny,82,2013
35,Leighton Baines,82,2013
36,Joe Hart,82,2013
37,Soldado,82,2013
38,Pablo Zabaleta,82,2013
39,Nani,82,2013
40,Fernandinho,82,2013
41,Per Mertesacker,82,2013
42,Fernando Torres,82,2013
43,Samuel Eto'o,82,2013
44,Nemanja Matic,81,2013
45,Sandro,81,2013
46,Wilfried Bony,81,2013
47,Shinji Kagawa,81,2013
48,Coutinho,81,2013
49,Paulinho,81,2013
50,Ramires,81,2013
51,Christian Benteke,81,2013
52,Mamadou Sakho,81,2013
53,Branislav Ivanovic,81,2013
54,Kevin Mirallas,81,2013
55,Antonio Valencia,81,2013
56,Martin Skrtel,81,2013
57,Theo Walcott,81,2013
58,Daniel Agger,81,2013
59,Tim Howard,81,2013
60,Tomas Rosicky,81,2013
61,Andre Schurrle,80,2013
62,Romelu Lukaku,80,2013
63,Wojciech Szczesny,80,2013
64,Loic Remy,80,2013
65,Demba Ba,80,2013
66,Marouane Fellaini,80,2013
67,Lucas Leiva,80,2013
68,Erik Lamela,80,2013
69,Michu,80,2013
70,Gary Cahill,80,2013
71,Bacary Sagna,80,2013
72,Moussa Dembele,80,2013
73,Mathieu Debuchy,80,2013
74,Gael Clichy,80,2013
75,James Milner,80,2013
76,Michel Vorm,80,2013
77,Phil Jagielka,80,2013
78,Emmanuel Adebayor,80,2013
79,Patrice Evra,80,2013
80,Steven Pienaar,80,2013
81,Fabricio Coloccini,80,2013
82,Mikel Arteta,80,2013
83,Michael Carrick,80,2013
84,Gareth Barry,80,2013
85,Frank Lampard,80,2013
86,Raheem Sterling,79,2013
87,Dejan Lovren,79,2013
88,Phil Jones,79,2013
89,Azpilicueta,79,2013
90,Adam Lallana,79,2013
91,Olivier Giroud,79,2013
92,Jose Enrique,79,2013
93,Tim Krul,79,2013
94,Jonny Evans,79,2013
95,John Obi Mikel,79,2013
96,Ashley Williams,79,2013
97,John Ruddy,79,2013
98,Younes Kaboul,79,2013
99,Javi Garcia,79,2013
100,Hatem Ben Arfa,79,2013
101,Thomas Vermaelen,79,2013
102,Mathieu Flamini,79,2013
103,Ashley Young,79,2013
104,Aaron Lennon,79,2013
105,Joleon Lescott,79,2013
106,Martin Demichelis,79,2013
107,Michael Dawson,79,2013
108,Kolo Toure,79,2013
109,Rio Ferdinand,79,2013
110,Gaston Ramirez,78,2013
111,Lacina Traore,78,2013
112,Alex Oxlade-Chamberlain,78,2013
113,Emanuele Giaccherini,78,2013
114,Lewis Holtby,78,2013
115,Steven N'Zonzi,78,2013
116,Danny Welbeck,78,2013
117,Kieran Gibbs,78,2013
118,Aleksandar Kolarov,78,2013
119,Claudio Yacob,78,2013
120,Jordan Henderson,78,2013
121,Konstantinos Mitroglou,78,2013
122,Etienne Capoue,78,2013
123,Morgan Schneiderlin,78,2013
124,Cheick Tiote,78,2013
125,Micah Richards,78,2013
126,Ron Vlaar,78,2013
127,Emiliano Viviano,78,2013
128,Brad Guzan,78,2013
129,Ben Foster,78,2013
130,Aiden McGeady,78,2013
131,Glen Johnson,78,2013
132,Brad Friedel,78,2013
133,Mohamed Salah,77,2013
134,Matija Nastasic,77,2013
135,Nacer Chadli,77,2013
136,Ross Barkley,77,2013
137,Jose Canas,77,2013
138,Rafael,77,2013
139,Kyle Walker,77,2013
140,James McCarthy,77,2013
141,Joe Allen,77,2013
142,Andy Carroll,77,2013
143,Pablo Hernandez,77,2013
144,Youssouf Mulumbu,77,2013
145,Chico,77,2013
146,Darron Gibson,77,2013
147,Adam Johnson,77,2013
148,Stephane Sessegnon,77,2013
149,Lukas Podolski,77,2013
150,Robert Huth,77,2013
151,Gomes,77,2013
152,Anders Lindegaard,77,2013
153,Arouna Kone,77,2013
154,Tom Huddlestone,77,2013
155,Stewart Downing,77,2013
156,Brede Hangeland,77,2013
157,Sylvain Distin,77,2013
158,Maarten Stekelenburg,77,2013
159,Mark Schwarzer,77,2013
160,Vlad Chiricheş,76,2013
161,Deulofeu,76,2013
162,Marco van Ginkel,76,2013
163,Adrian,76,2013
164,Gary Medel,76,2013
165,Steven Caulker,76,2013
166,Iago Aspas,76,2013
167,Chris Smalling,76,2013
168,Davide Santon,76,2013
169,Victor Wanyama,76,2013
170,Leroy Fer,76,2013
171,Marko Arnautovic,76,2013
172,Jack Rodwell,76,2013
173,Mapou Yanga-M'Biwa,76,2013
174,Seamus Coleman,76,2013
175,Papiss Demba Cisse,76,2013
176,Nacho Monreal,76,2013
177,Jonathan De Guzman,76,2013
178,Ryan Shawcross,76,2013
179,Steven Fletcher,76,2013
180,Matthew Jarvis,76,2013
181,Abou Diaby,76,2013
182,Leon Osman,76,2013
183,Àngel Rangel,76,2013
184,Artur Boruc,76,2013
185,Peter Crouch,76,2013
186,John Heitinga,76,2013
187,Jonas Olsson,76,2013
188,Rickie Lambert,76,2013
189,Scott Parker,76,2013
190,Costel Pantilimon,75,2013
191,Luuk de Jong,75,2013
192,Vurnon Anita,75,2013
193,Moussa Sissoko,75,2013
194,Nikica Jelavic,75,2013
195,Gary Hooper,75,2013
196,Pablo Armero,75,2013
197,Winston Reid,75,2013
198,Maynor Figueroa,75,2013
199,Victor Moses,75,2013
200,Sebastien Bassong,75,2013
201,Jose Fonte,75,2013
202,Stephen Ireland,75,2013
203,Jack Cork,75,2013
204,Shane Long,75,2013
205,Morgan Amalfitano,75,2013
206,Nicklas Bendtner,75,2013
207,Charles N'Zogbia,75,2013
208,Łukasz Fabiański,75,2013
209,Steven Naismith,75,2013
210,Fernando Amorebieta,75,2013
211,Steven Taylor,75,2013
212,William Kvist,75,2013
213,Antonio NocerinoL,75,2013
214,Robert Snodgrass,75,2013
215,Mark Noble,75,2013
216,Mike Williamson,75,2013
217,Alexander Tettey,75,2013
218,Steven Davis,75,2013
219,Wes Hoolahan,75,2013
220,David Marshall,75,2013
221,Leon Britton,75,2013
222,Darren Fletcher,75,2013
223,Steve Sidwell,75,2013
224,Marouane Chamakh,75,2013
225,Marco Borriello,75,2013
226,Sascha Riether,75,2013
227,Wayne Routledge,75,2013
228,Mahamadou Diarra,75,2013
229,Kevin Nolan,75,2013
230,Matthew Etherington,75,2013
231,Wes Brown,75,2013
232,John O'Shea,75,2013
233,Shay Given,75,2013
234,Joe Cole,75,2013
235,Luke Shaw,74,2013
236,Tomas Kalas,74,2013
237,Matthew Lowton,74,2013
238,Jordi Amat,74,2013
239,Andros Townsend,74,2013
240,Nathaniel Clyne,74,2013
241,Tom Cleverley,74,2013
242,Jonjo Shelvey,74,2013
243,Jake Livermore,74,2013
244,Oussama Assaidi,74,2013
245,Libor Kozak,74,2013
246,Joel Ward,74,2013
247,Gylfi Sigurdsson,74,2013
248,Martin Olsson,74,2013
249,Martin Kelly,74,2013
250,Fabian Delph,74,2013
251,Mile Jedinak,74,2013
252,Aly Cissokho,74,2013
253,Sung-Yueng Ki,74,2013
254,Craig Gardner,74,2013
255,Jozy Altidore,74,2013
256,Nathan Dyer,74,2013
257,Keiren Westwood,74,2013
258,Ignacio Scocco,74,2013
259,Jay Rodriguez,74,2013
260,Ryan Bertrand,74,2013
261,Lee Cattermole,74,2013
262,Oscar Ustari,74,2013
263,Curtis Davies,74,2013
264,Karim El Ahmadi,74,2013
265,Ashkan Dejagah,74,2013
266,Yoan Gouffran,74,2013
267,Antolin Alcaraz,74,2013
268,Kieran Richardson,74,2013
269,Diego Lugano,74,2013
270,Michael Turner,74,2013
271,Chris Brunt,74,2013
272,Damien Duff,74,2013
273,Darren Bent,74,2013
274,Julian Speroni,74,2013
275,Allan McGregor,74,2013
276,Joseph Yobo,74,2013
277,Kim Kallstrom,74,2013
278,James Collins,74,2013
279,John Arne Riise,74,2013
280,Adnan Januzaj,73,2013
281,James Ward-Prowse,73,2013
282,Jores Okore,73,2013
283,Santiago Vergini,73,2013
284,Thievy Bifouma,73,2013
285,Valentin Roberge,73,2013
286,John Guidetti,73,2013
287,Nathan Redmond,73,2013
288,Matěj VydraL,73,2013
289,Pajtim Kasami,73,2013
290,Andreas Weimann,73,2013
291,Mohamed Diame,73,2013
292,Alexander Buttner,73,2013
293,Juan Cala,73,2013
294,Jonathan Howson,73,2013
295,Ciaran Clark,73,2013
296,David Stockdale,73,2013
297,Anthony Pilkington,73,2013
298,James Tomkins,73,2013
299,Graham Dorrans,73,2013
300,Liam Bridcutt,73,2013
301,Danny Rose,73,2013
302,Hugo Rodallega,73,2013
303,Gabriel Agbonlahor,73,2013
304,Glenn Whelan,73,2013
305,Roland Lamah,73,2013
306,James Morrison,73,2013
307,Russell Martin,73,2013
308,Peter Whittingham,73,2013
309,Andy Wilkinson,73,2013
310,Kenwyne Jones,73,2013
311,Sylvain Marveaux,73,2013
312,Charlie Adam,73,2013
313,Bradley Johnson,73,2013
314,Jonas Gutierrez,73,2013
315,Zoltan Gera,73,2013
316,Garrido,73,2013
317,Gareth McAuley,73,2013
318,Tony Hibbert,73,2013
319,Gerhard Tremmel,73,2013
320,Ryan Taylor,73,2013
321,Jussi Jaaskelainen,73,2013
322,Johan Elmander,73,2013
323,Ben Davies,72,2013
324,Jack Butland,72,2013
325,Robbie Brady,72,2013
326,Thomas Ince,72,2013
327,Wilfried Zaha,72,2013
328,Luis Alberto,72,2013
329,Alexander Kačaniklic,72,2013
330,Connor Wickham,72,2013
331,Ahmed Elmohamady,72,2013
332,Kevin Theophile-Catherine,72,2013
333,Craig Noone,72,2013
334,Fabio,72,2013
335,Ashley Westwood,72,2013
336,Yannick Bolasie,72,2013
337,Geoff Cameron,72,2013
338,Kyle Naughton,72,2013
339,Fabio Borini,72,2013
340,Yannick Sagbo,72,2013
341,Dan Gosling,72,2013
342,Ricky van Wolfswinkel,72,2013
343,Vito Mannone,72,2013
344,Erik Pieters,72,2013
345,Neil Taylor,72,2013
346,Wayne Hennessey,72,2013
347,Fraizer Campbell,72,2013
348,Victor Anichebe,72,2013
349,Scott Sinclair,72,2013
350,Cameron Jerome,72,2013
351,Joe Ledley,72,2013
352,Sebastian Larsson,72,2013
353,Phil Bardsley,72,2013
354,Robert Koren,72,2013
355,Jason Puncheon,72,2013
356,Carlos Cuellar,72,2013
357,Thomas Sorensen,72,2013
358,Alou Diarra,72,2013
359,Boaz Myhill,72,2013
360,Carlton Cole,72,2013
361,Grant Holt,72,2013
362,Pozuelo,71,2013
363,Alvaro,71,2013
364,Carl Jenkinson,71,2013
365,Bo Kyung Kim,71,2013
366,Luna,71,2013
367,Magaye Gueye,71,2013
368,Maya Yoshida,71,2013
369,Nathan Baker,71,2013
370,Elliott Bennett,71,2013
371,Jordon Mutch,71,2013
372,Jo Inge Berget,71,2013
373,Marc Albrighton,71,2013
374,Sone Aluko,71,2013
375,Glenn Murray,71,2013
376,Marc Wilson,71,2013
377,Brad Jones,71,2013
378,Damien Delaney,71,2013
379,Scott Dann,71,2013
380,Jerome Thomas,71,2013
381,Peter Odemwingie,71,2013
382,Steven Whittaker,71,2013
383,Derek Boateng,71,2013
384,Roger Johnson,71,2013
385,Serge Gnabry,70,2013
386,Dwight Gayle,70,2013
387,Jon Flanagan,70,2013
388,Joel Robles,70,2013
389,Jack Colback,70,2013
390,James Chester,70,2013
391,Ryan Bennett,70,2013
392,Chris Herd,70,2013
393,Barry Bannan,70,2013
394,David N'Gog,70,2013
395,Marvin Emnes,70,2013
396,Wilson Palacios,70,2013
397,Adrian Mariappa,70,2013
398,Dwight Tiendalli,70,2013
399,Joey O'Brien,70,2013
400,Luciano Becchio,70,2013
401,Matt Fryatt,70,2013
402,Magnus Wolff Eikrem,70,2013
403,Kelvin Davis,70,2013
404,Jos Hooiveld,70,2013
405,Billy Jones,70,2013
406,Jonathan Walters,70,2013
407,George McCartney,70,2013
408,Andrea Dossena,70,2013
409,Shola Ameobi,70,2013
410,Steven Reid,70,2013
411,Giorgios Karagounis,70,2013
412,Guy Demel,70,2013
413,Calum Chambers,69,2013
414,John Stones,69,2013
415,Massadio Haidara,69,2013
416,Charis Mavrias,69,2013
417,Brek Shea,69,2013
418,Adlene Guedioura,69,2013
419,Jonathan Parr,69,2013
420,Ryan Shotton,69,2013
421,Mark Bunn,69,2013
422,Stephen Henderson,69,2013
423,Ricardo Vaz Te,69,2013
424,Mark Hudson,69,2013
425,Kevin McNaughton,69,2013
426,Danny Gabbidon,69,2013
427,Nabil Bentaleb,68,2013
428,Sammy Ameobi,68,2013
429,Harry Kane,68,2013
430,Yacouba Sylla,68,2013
431,Mats Moller Dæhli,68,2013
432,Bryan Oviedo,68,2013
433,Dedryck Boyata,68,2013
434,Yaya Sanogo,68,2013
435,Craig Dawson,68,2013
436,Gary Gardner,68,2013
437,Aron Gunnarsson,68,2013
438,Dean Moxey,68,2013
439,Kagisho Dikgacoi,68,2013
440,George Boyd,68,2013
441,Gabriel Obertan,68,2013
442,Stephen Quinn,68,2013
443,Ben Turner,68,2013
444,Rob Elliot,68,2013
445,Matthew Taylor,68,2013
446,Steve Harper,68,2013
447,Nathan Ake,67,2013
448,Saido Berahino,67,2013
449,Ryo Miyaichi,67,2013
450,Nicklas Helenius,67,2013
451,Marc Muniesa,67,2013
452,Stuart O'Keefe,67,2013
453,Ondrej Celůstka,67,2013
454,David Meyler,67,2013
455,Alex Bruce,67,2013
456,Leroy Lita,67,2013
457,Tommy Smith,67,2013
458,Liam Rosenior,67,2013
459,Guly do Prado,67,2013
460,David Fox,67,2013
461,Patrick McCarthy,67,2013
462,Paul McShane,67,2013
463,Abdoulaye Faye,67,2013
464,Eldin Jakupovic,67,2013
465,Don Cowie,67,2013
466,Aleksandar Tonev,66,2013
467,Leandro Bacuna,66,2013
468,Joe Mason,66,2013
469,Ashley Richards,66,2013
470,Marcos Alonso,66,2013
471,Matthew Briggs,66,2013
472,Matthew Connolly,66,2013
473,Andrew Taylor,66,2013
474,Goran Popov,66,2013
475,Joe Lewis,66,2013
476,Neil Alexander,66,2013
477,Marcos Lopes,65,2013
478,Rory Donnelly,65,2013
479,Michael Keane,65,2013
480,Alex Pritchard,65,2013
481,Ryan Tunnicliffe,65,2013
482,Dan Burn,65,2013
483,Alex Nimely,65,2013
484,Joe Bennett,65,2013
485,Kyle Bartley,65,2013
486,Joe Dudgeon,65,2013
487,Ben Amos,65,2013
488,Chris David,64,2013
489,Ezekiel Fryers,64,2013
490,Paulo Gazzaniga,64,2013
491,Samed Yesil,64,2013
492,Paul Dummett,64,2013
493,Samir Carruthers,64,2013
494,Jay Fulton,63,2013
495,Declan John,63,2013
496,Jack Grealish,63,2013
497,Souleymane Coulibaly,63,2013
498,Abdul Razak,63,2013
499,Gael Bigirimana,63,2013
500,Elsad Zverotic,63,2013
501,Carlo Nash,63,2013
502,Aaron Wilbraham,63,2013
503,Patrick Roberts,62,2013
504,Adam Armstrong,62,2013
505,Gedion Zelalem,62,2013
506,Sam Gallagher,62,2013
507,Moussa Dembele,62,2013
508,Cauley Woodrow,62,2013
509,Stephen Sama,62,2013
510,Daniel Johnson,62,2013
511,Kyle De Silva,62,2013
512,Luke Garbutt,62,2013
513,Jed Steer,62,2013
514,Sam Hutchinson,62,2013
515,Richard Wright,62,2013
516,Jindrich Stanek,61,2013
517,Gregor Zabret,61,2013
518,Kenji Gorre,61,2013
519,Thomas Agyiri,61,2013
520,Donervon Daniels,61,2013
521,Josh Murphy,61,2013
522,Harrison Reed,61,2013
523,Ryan Williams,61,2013
524,Jak Alnwick,61,2013
525,Cameron Lancaster,61,2013
526,Conor McAleny,61,2013
527,Darnel Situ,61,2013
528,Neil Etheridge,61,2013
529,Jordan Bowery,61,2013
530,Simon Lappin,61,2013
531,Guillermo Varela,60,2013
532,Danny Whitehead,60,2013
533,Osman Sow,60,2013
534,James Alabi,60,2013
535,Bradley Garmston,60,2013
536,Kevin Gomez-Nieto,60,2013
537,Jordan Richardson,60,2013
538,Janoi Donacien,60,2013
539,Daniel Bachmann,60,2013
540,Callum Robinson,60,2013
541,Kemar Roofe,60,2013
542,Mikael Mandron,60,2013
543,Adil Nabi,60,2013
544,Daniel Potts,60,2013
545,Ibra Sekajja,60,2013
546,Luke Daniels,60,2013
547,Jonathan Forte,60,2013
548,Maximiliano Amondarain,59,2013
549,Courtney Duffus,59,2013
550,Ryan Seager,59,2013
551,El Hadji Ba,59,2013
552,Lewis Baker,59,2013
553,Karim Rossi,59,2013
554,Reise Allassani,59,2013
555,Thomas Eisfeld,59,2013
556,James Armstrong,59,2013
557,Liam O'Neil,59,2013
558,Thomas James,58,2013
559,Lynden Gooch,58,2013
560,Liam Agnew,58,2013
561,Marcus Barnes,58,2013
562,Jordi Hiwula,58,2013
563,Seko Fofana,58,2013
564,Roman Michael-Percil,58,2013
565,Callam Jones,58,2013
566,Andreas Christensen,58,2013
567,James Wilson,58,2013
568,Chuba Akpom,58,2013
569,Rhys Healey,58,2013
570,Dominic Gape,58,2013
571,Yalany Baio,58,2013
572,Teixeira,58,2013
573,Giancarlo Gallifuoco,58,2013
574,Matthew Fletcher,58,2013
575,Daniel Pappoe,58,2013
576,Jamal Blackman,58,2013
577,Ryan Inniss,58,2013
578,Cody Cropper,58,2013
579,Hector Bellerin,58,2013
580,Sebastian Lletget,58,2013
581,Raphael Spiegel,58,2013
582,David Cornell,58,2013
583,Freddie Woodman,57,2013
584,Rolando Aarons,57,2013
585,Charlie Ward,57,2013
586,Elliot Kebbie,57,2013
587,Milos Veljkovic,57,2013
588,Saidy Janko,57,2013
589,Jake Flannigan,57,2013
590,Josh Sims,57,2013
591,Matt Targett,57,2013
592,Will Aimson,57,2013
593,Mani O'Sullivan,57,2013
594,Chris Long,57,2013
595,Conor Grant,57,2013
596,Sinan Bytyqi,57,2013
597,Leo Chambers,57,2013
598,Elliot Lee,57,2013
599,Danny Ward,57,2013
600,Jake Sinclair,57,2013
601,Jordan Archer,57,2013
602,Cameron Gayle,57,2013
603,Zak Ansah,57,2013
604,Michael Richardson,57,2013
605,Islam Feruz,57,2013
606,Kadeem Harris,57,2013
607,Mark Oxley,57,2013
608,Jack Rose,56,2013
609,Cameron Brannagan,56,2013
610,Joshua Debayo,56,2013
611,Harry Wilson,56,2013
612,Olivier Kemen,56,2013
613,Calaum Jahraldo-Martin,56,2013
614,Martin Smith,56,2013
615,Angus Gunn,56,2013
616,Lloyd Jones,56,2013
617,Ruben Loftus-Cheek,56,2013
618,Jonathan Miles,56,2013
619,Ian Lawlor,56,2013
620,Marc Pelosi,56,2013
621,Remie Streete,56,2013
622,Villyan Bijev,56,2013
623,Adam Drury,56,2013
624,Jamar Loza,56,2013
625,Jon Toral,56,2013
626,Omar Rowe,56,2013
627,Yusuf Mersin,56,2013
628,Jesse Joronen,56,2013
629,Sam Topliss,55,2013
630,George Green,55,2013
631,Tom Lawrence,55,2013
632,Andreas Pereira,55,2013
633,Peter Skapetis,55,2013
634,Ben McLaughlin,55,2013
635,Quade Taylor,55,2013
636,Callum Driver,55,2013
637,Jordan Brown,54,2013
638,Paul McElroy,54,2013
639,George Honeyman,54,2013
640,David Ferguson,54,2013
641,Sullay Kaikai,54,2013
642,Luke Coulson,54,2013
643,John Swift,54,2013
644,Alex Davey,54,2013
645,Dougie Wilson,54,2013
646,Tika Musonda,54,2013
647,Ben Glasgow,54,2013
648,James Campbell,54,2013
649,Tyias Browning,54,2013
650,Carlton Morris,53,2013
651,Adel Gafaiti,53,2013
652,Reece James,53,2013
653,Kyle Callan-McFadden,53,2013
654,Ewan McNeil,53,2013
655,Charni Ekangamene,53,2013
656,Harry Toffolo,52,2013
657,Adam King,51,2013
658,Lubomir Satka,47,2013
659,Eden Hazard,88,2014
660,David Silva,87,2014
661,Sergio Aguero,87,2014
662,De Gea,86,2014
663,Thibaut Courtois,86,2014
664,Mesut Ozil,86,2014
665,Falcao,86,2014
666,Vincent Kompany,86,2014
667,Wayne Rooney,86,2014
668,Alexis Sanchez,85,2014
669,Angel Di Maria,85,2014
670,Diego Costa,85,2014
671,Juan Mata,85,2014
672,Hugo Lloris,85,2014
673,Cesc Fabregas,85,2014
674,Santi Cazorla,85,2014
675,Petr Cech,85,2014
676,Yaya Toure,85,2014
677,Robin van Persie,85,2014
678,Oscar,84,2014
679,Samir Nasri,84,2014
680,Nemanja Matic,83,2014
681,Edin Dzeko,83,2014
682,Daniel Sturridge,83,2014
683,Joe Hart,83,2014
684,Pablo Zabaleta,83,2014
685,Victor Valdes,83,2014
686,John Terry,83,2014
687,Juan Cuadrado,82,2014
688,Christian Eriksen,82,2014
689,Coutinho,82,2014
690,Aaron Ramsey,82,2014
691,Willian,82,2014
692,Jan Vertonghen,82,2014
693,Asmir Begovic,82,2014
694,Laurent Koscielny,82,2014
695,Per Mertesacker,82,2014
696,Wilfried Bony,81,2014
697,Jack Wilshere,81,2014
698,Ramires,81,2014
699,Azpilicueta,81,2014
700,Christian Benteke,81,2014
701,Stevan Jovetic,81,2014
702,Branislav Ivanovic,81,2014
703,Morgan Schneiderlin,81,2014
704,Gary Cahill,81,2014
705,Filipe Luis,81,2014
706,Leighton Baines,81,2014
707,Jesus Navas,81,2014
708,Fernandinho,81,2014
709,Raheem Sterling,80,2014
710,Dusan Tadic,80,2014
711,Romelu Lukaku,80,2014
712,James McCarthy,80,2014
713,Mario Balotelli,80,2014
714,Mamadou Sakho,80,2014
715,Adam Lallana,80,2014
716,Seamus Coleman,80,2014
717,Loic Remy,80,2014
718,Olivier Giroud,80,2014
719,Bojan,80,2014
720,Simon Mignolet,80,2014
721,Kevin Mirallas,80,2014
722,Antonio Valencia,80,2014
723,Martin Skrtel,80,2014
724,Theo Walcott,80,2014
725,Mathieu Debuchy,80,2014
726,Alexandre Song,80,2014
727,Phil Jagielka,80,2014
728,Jermain Defoe,80,2014
729,Tomas Rosicky,80,2014
730,Alberto Moreno,79,2014
731,Marcos Rojo,79,2014
732,Dejan Lovren,79,2014
733,Remy Cabella,79,2014
734,Ander Herrera,79,2014
735,Daley Blind,79,2014
736,Eliaquim Mangala,79,2014
737,Jordan Henderson,79,2014
738,Dame N'Doye,79,2014
739,Lucas Leiva,79,2014
740,Ron Vlaar,79,2014
741,Bacary Sagna,79,2014
742,Moussa Dembele,79,2014
743,Soldado,79,2014
744,James Milner,79,2014
745,Michel Vorm,79,2014
746,Martin Demichelis,79,2014
747,Mikel Arteta,79,2014
748,Michael Carrick,79,2014
749,Tim Howard,79,2014
750,Gareth Barry,79,2014
751,Lazar Markovic,78,2014
752,Harry Kane,78,2014
753,Ross Barkley,78,2014
754,Alex Oxlade-Chamberlain,78,2014
755,Phil Jones,78,2014
756,Chris Smalling,78,2014
757,Steven N'Zonzi,78,2014
758,Wojciech Szczesny,78,2014
759,Danny Welbeck,78,2014
760,Aleksandar Kolarov,78,2014
761,Gylfi Sigurdsson,78,2014
762,Fernando,78,2014
763,Toby Alderweireld,78,2014
764,Federico Fazio,78,2014
765,Adel Taarabt,78,2014
766,Etienne Capoue,78,2014
767,Jose Fonte,78,2014
768,Cheick Tiote,78,2014
769,Tim Krul,78,2014
770,Erik Lamela,78,2014
771,Ryan Shawcross,78,2014
772,Jonny Evans,78,2014
773,Brad Guzan,78,2014
774,John Obi Mikel,78,2014
775,Ashley Williams,78,2014
776,Ben Foster,78,2014
777,Aiden McGeady,78,2014
778,Ashley Young,78,2014
779,Aaron Lennon,78,2014
780,Gael Clichy,78,2014
781,Willy Caballero,78,2014
782,Joleon Lescott,78,2014
783,Esteban Cambiasso,78,2014
784,Emmanuel Adebayor,78,2014
785,Steven Pienaar,78,2014
786,Fabricio Coloccini,78,2014
787,Ricardo Alvarez,77,2014
788,Gaston Ramirez,77,2014
789,Gabriel,77,2014
790,Nacer Chadli,77,2014
791,Charlie Austin,77,2014
792,Adrian,77,2014
793,Emanuele Giaccherini,77,2014
794,Kyle Walker,77,2014
795,Mame Diouf,77,2014
796,Siem de Jong,77,2014
797,Kieran Gibbs,77,2014
798,Marko Arnautovic,77,2014
799,Claudio Yacob,77,2014
800,Moussa Sissoko,77,2014
801,Andy Carroll,77,2014
802,Papiss Demba Cisse,77,2014
803,Nacho Monreal,77,2014
804,Marouane Fellaini,77,2014
805,David Ospina,77,2014
806,Adam Johnson,77,2014
807,Łukasz Fabiański,77,2014
808,Graziano Pelle,77,2014
809,Stephane Sessegnon,77,2014
810,Younes Kaboul,77,2014
811,Bafetimbi Gomis,77,2014
812,Kolo Toure,77,2014
813,Eduardo Vargas,76,2014
814,Vlad Chiricheş,76,2014
815,Christian Atsu,76,2014
816,Benjamin Stambouli,76,2014
817,Sandro,76,2014
818,Nathaniel Clyne,76,2014
819,Rafael,76,2014
820,Victor Wanyama,76,2014
821,Daryl Janmaat,76,2014
822,Jefferson Montero,76,2014
823,Leroy Fer,76,2014
824,Joe Allen,76,2014
825,Jack Rodwell,76,2014
826,Fabian Delph,76,2014
827,Carlos Sanchez,76,2014
828,Youssouf Mulumbu,76,2014
829,Jack Cork,76,2014
830,Darron Gibson,76,2014
831,Shane Long,76,2014
832,Steven Fletcher,76,2014
833,Steven Naismith,76,2014
834,Leon Osman,76,2014
835,Scott Dann,76,2014
836,Mauro Zarate,76,2014
837,Steven Davis,76,2014
838,Nene,76,2014
839,Anders Lindegaard,76,2014
840,Arouna Kone,76,2014
841,Rob Green,76,2014
842,Stewart Downing,76,2014
843,Peter Crouch,76,2014
844,Jonas Olsson,76,2014
845,Sylvain Distin,76,2014
846,Rickie Lambert,76,2014
847,Enner Valencia,75,2014
848,Adnan Januzaj,75,2014
849,Luke Shaw,75,2014
850,Kurt Zouma,75,2014
851,Jores Okore,75,2014
852,John Stones,75,2014
853,Philipp Wollscheid,75,2014
854,Steven Caulker,75,2014
855,Costel Pantilimon,75,2014
856,Tom Cleverley,75,2014
857,Alex McCarthy,75,2014
858,Francis Coquelin,75,2014
859,Yannick Bolasie,75,2014
860,Mauricio Isla,75,2014
861,Brown Ideye,75,2014
862,Fabio Borini,75,2014
863,Mile Jedinak,75,2014
864,Winston Reid,75,2014
865,Victor Moses,75,2014
866,Fraser Forster,75,2014
867,Eljero Elia,75,2014
868,Jose Enrique,75,2014
869,Stephen Ireland,75,2014
870,Jay Rodriguez,75,2014
871,Ryan Bertrand,75,2014
872,Lee Cattermole,75,2014
873,Morgan Amalfitano,75,2014
874,Charles N'Zogbia,75,2014
875,Curtis Davies,75,2014
876,Matt Jarvis,75,2014
877,Abou Diaby,75,2014
878,Glenn Whelan,75,2014
879,Steven Taylor,75,2014
880,Niko Kranjčar,75,2014
881,Mathieu Flamini,75,2014
882,Àngel Rangel,75,2014
883,Mark Noble,75,2014
884,Leon Britton,75,2014
885,Robert Huth,75,2014
886,Glen Johnson,75,2014
887,Steve Sidwell,75,2014
888,Marouane Chamakh,75,2014
889,Michael Dawson,75,2014
890,Wayne Routledge,75,2014
891,Tom Huddlestone,75,2014
892,Kevin Nolan,75,2014
893,Julian Speroni,75,2014
894,Richard Dunne,75,2014
895,Nabil Bentaleb,74,2014
896,Carles Gil,74,2014
897,Sadio Mane,74,2014
898,James Ward-Prowse,74,2014
899,Florin Gardoş,74,2014
900,Federico Fernandez,74,2014
901,Wilfried Zaha,74,2014
902,Jordi Amat,74,2014
903,Danny Ings,74,2014
904,Andros Townsend,74,2014
905,Filip Đuričic,74,2014
906,Pape Souare,74,2014
907,Jonjo Shelvey,74,2014
908,Geoff Cameron,74,2014
909,Joel Ward,74,2014
910,Vurnon Anita,74,2014
911,Ciaran Clark,74,2014
912,Ki Sung Yueng,74,2014
913,Craig Gardner,74,2014
914,Nathan Dyer,74,2014
915,Danny Rose,74,2014
916,Nedum Onuoha,74,2014
917,Kasper Schmeichel,74,2014
918,Yoan Gouffran,74,2014
919,Robert Snodgrass,74,2014
920,Alejandro Faurlin,74,2014
921,Jason Puncheon,74,2014
922,Jason Shackell,74,2014
923,Antolin Alcaraz,74,2014
924,Darren Fletcher,74,2014
925,Joey Barton,74,2014
926,Anthony Reveillere,74,2014
927,James Collins,74,2014
928,Wes Brown,74,2014
929,John O'Shea,74,2014
930,Shay Given,74,2014
931,Andrej Kramaric,73,2014
932,Ayoze Perez,73,2014
933,Emre Can,73,2014
934,Ben Davies,73,2014
935,Saido Berahino,73,2014
936,Santiago Vergini,73,2014
937,Eric Dier,73,2014
938,Muhamed Besic,73,2014
939,Matthew Lowton,73,2014
940,Joel Robles,73,2014
941,Andreas Weimann,73,2014
942,Jack Colback,73,2014
943,Ryan Mason,73,2014
944,Nelson Oliveira,73,2014
945,Jake Livermore,73,2014
946,Libor Kozak,73,2014
947,Mohamed Diame,73,2014
948,Abel Hernandez,73,2014
949,Kieran Trippier,73,2014
950,Martin Kelly,73,2014
951,Nikica Jelavic,73,2014
952,Aly Cissokho,73,2014
953,Vito Mannone,73,2014
954,Erik Pieters,73,2014
955,James Tomkins,73,2014
956,James McArthur,73,2014
957,Leonardo Ulloa,73,2014
958,Gabriel Agbonlahor,73,2014
959,James Morrison,73,2014
960,Damien Delaney,73,2014
961,Charlie Adam,73,2014
962,Mike Williamson,73,2014
963,Jonas Gutierrez,73,2014
964,Kieran Richardson,73,2014
965,Peter Odemwingie,73,2014
966,Gareth McAuley,73,2014
967,Chris Brunt,73,2014
968,Allan McGregor,73,2014
969,Brede Hangeland,73,2014
970,Gerhard Tremmel,73,2014
971,Ryan Taylor,73,2014
972,Jussi Jaaskelainen,73,2014
973,Mark Schwarzer,73,2014
974,Joe Cole,73,2014
975,Calum Chambers,72,2014
976,Jack Butland,72,2014
977,Tomas Kalas,72,2014
978,Diafra Sakho,72,2014
979,Marc Muniesa,72,2014
980,Maya Yoshida,72,2014
981,Connor Wickham,72,2014
982,Ahmed Elmohamady,72,2014
983,Callum McManaman,72,2014
984,Junior Hoilett,72,2014
985,Ashley Westwood,72,2014
986,Emmanuel Riviere,72,2014
987,Matt Phillips,72,2014
988,Cheikhou Kouyate,72,2014
989,Kyle Naughton,72,2014
990,Wayne Hennessey,72,2014
991,Liam Bridcutt,72,2014
992,Danny Simpson,72,2014
993,Victor Anichebe,72,2014
994,Scott Sinclair,72,2014
995,Marc Wilson,72,2014
996,Joe Ledley,72,2014
997,Sebastian Larsson,72,2014
998,Sebastien Pocognoli,72,2014
999,Tom Heaton,72,2014
1000,Phil Bardsley,72,2014
1001,Lee Chung Yong,72,2014
1002,Alan Hutton,72,2014
1003,Boaz Myhill,72,2014
1004,Matthew Upson,72,2014
1005,Tony Hibbert,72,2014
1006,Philippe Senderos,72,2014
1007,Andrew Robertson,71,2014
1008,Facundo Ferreyra,71,2014
1009,Jack Grealish,71,2014
1010,Dwight Gayle,71,2014
1011,Jon Flanagan,71,2014
1012,Robbie Brady,71,2014
1013,Carl Jenkinson,71,2014
1014,Cristian Gamboa,71,2014
1015,Leandro Bacuna,71,2014
1016,Sebastian Coates,71,2014
1017,Aaron Cresswell,71,2014
1018,Nathan Baker,71,2014
1019,Patrick van Aanholt,71,2014
1020,Danny Drinkwater,71,2014
1021,James Chester,71,2014
1022,Marc Albrighton,71,2014
1023,George Boyd,71,2014
1024,Neil Taylor,71,2014
1025,Sone Aluko,71,2014
1026,Glenn Murray,71,2014
1027,Andy Wilkinson,71,2014
1028,Michael Kightly,71,2014
1029,David Nugent,71,2014
1030,Chris Baird,71,2014
1031,Wes Morgan,71,2014
1032,Carlton Cole,71,2014
1033,Matt Gilks,71,2014
1034,Jamie Vardy,70,2014
1035,Serge Gnabry,70,2014
1036,Jordon Ibe,70,2014
1037,Riyad Mahrez,70,2014
1038,Anthony Knockaert,70,2014
1039,Massadio Haidara,70,2014
1040,Andre Wisdom,70,2014
1041,Jonathan Williams,70,2014
1042,Samba Diakite,70,2014
1043,Emmanuel Mayuka,70,2014
1044,Yun Suk Young,70,2014
1045,Ben Mee,70,2014
1046,David Meyler,70,2014
1047,Ashley Barnes,70,2014
1048,Jordon Mutch,70,2014
1049,Sam Vokes,70,2014
1050,Scott Arfield,70,2014
1051,Ritchie De Laet,70,2014
1052,Adrian Mariappa,70,2014
1053,Dwight Tiendalli,70,2014
1054,Fraizer Campbell,70,2014
1055,Joey O'Brien,70,2014
1056,Brad Jones,70,2014
1057,Stephen Ward,70,2014
1058,Danny Graham,70,2014
1059,David Jones,70,2014
1060,Kelvin Davis,70,2014
1061,Marcin Wasilewski,70,2014
1062,Billy Jones,70,2014
1063,Jonathan Walters,70,2014
1064,Thomas Sorensen,70,2014
1065,Matt Taylor,70,2014
1066,Bobby Zamora,70,2014
1067,Guy Demel,70,2014
1068,Rolando Aarons,69,2014
1069,Manquillo,69,2014
1070,Tom Carroll,69,2014
1071,Liam Moore,69,2014
1072,Bryan Oviedo,69,2014
1073,Yaya Sanogo,69,2014
1074,Chris Wood,69,2014
1075,Will Buckley,69,2014
1076,Andy King,69,2014
1077,Yannick Sagbo,69,2014
1078,Lukas Jutkiewicz,69,2014
1079,Marvin Emnes,69,2014
1080,Stephen Quinn,69,2014
1081,Jordi Gomez,69,2014
1082,Armand Traore,69,2014
1083,Dean Marney,69,2014
1084,Shola Ameobi,69,2014
1085,Michael Keane,68,2014
1086,Cristian Ceballos,68,2014
1087,Paul Dummett,68,2014
1088,Hector Bellerin,68,2014
1089,Sammy Ameobi,68,2014
1090,Nick Powell,68,2014
1091,Craig Dawson,68,2014
1092,Gary Gardner,68,2014
1093,Matty James,68,2014
1094,Chris Herd,68,2014
1095,Gabriel Obertan,68,2014
1096,Rob Elliot,68,2014
1097,Jerome Thomas,68,2014
1098,Liam Rosenior,68,2014
1099,Michael Duff,68,2014
1100,Ross Wallace,68,2014
1101,Karl Henry,68,2014
1102,Paul Konchesky,68,2014
1103,Steve Harper,68,2014
1104,DeAndre Yedlin,67,2014
1105,Nathan Ake,67,2014
1106,Dedryck Boyata,67,2014
1107,Jason Davidson,67,2014
1108,Fredrik Ulvestad,67,2014
1109,Jack Hunt,67,2014
1110,Mehdi Abeid,67,2014
1111,Kyle Bartley,67,2014
1112,Adlene Guedioura,67,2014
1113,Alex Bruce,67,2014
1114,Dean Hammond,67,2014
1115,Eldin Jakupovic,67,2014
1116,James Wilson,66,2014
1117,Jeffrey Schlupp,66,2014
1118,Jack Robinson,66,2014
1119,Ashley Richards,66,2014
1120,Luke Garbutt,66,2014
1121,Marvin Sordell,66,2014
1122,Joe Bennett,66,2014
1123,Paul McShane,66,2014
1124,Jak Alnwick,65,2014
1125,Tyler Blackett,65,2014
1126,Doneil Henry,65,2014
1127,Kevin Long,65,2014
1128,Joe Dudgeon,65,2014
1129,Wilson Palacios,65,2014
1130,Ben Amos,65,2014
1131,Ben Hamer,65,2014
1132,Brian Murphy,65,2014
1133,Keshi Anderson,64,2014
1134,Tom Lawrence,64,2014
1135,Harrison Reed,64,2014
1136,Paulo Gazzaniga,64,2014
1137,Kwesi Appiah,64,2014
1138,Conrad Logan,64,2014
1139,Clint Hill,64,2014
1140,Kasey Palmer,63,2014
1141,Pozo,63,2014
1142,Gedion Zelalem,63,2014
1143,Sam Gallagher,63,2014
1144,Ezekiel Fryers,63,2014
1145,Jordan Pickford,63,2014
1146,Samed Yesil,63,2014
1147,Grant Hall,63,2014
1148,Tyias Browning,63,2014
1149,Jindrich Staněk,62,2014
1150,Diego Poyet,62,2014
1151,Cameron Howieson,62,2014
1152,Modou Barrow,62,2014
1153,Michael Doughty,62,2014
1154,Jed Steer,62,2014
1155,Richard Wright,62,2014
1156,Tomi Adeloye,61,2014
1157,Jake Cook,61,2014
1158,Callum Roberts,61,2014
1159,Dominic Solanke,61,2014
1160,Jay Fulton,61,2014
1161,Matt Targett,61,2014
1162,Gregor Zabret,61,2014
1163,Ryan Seager,61,2014
1164,Paddy McNair,61,2014
1165,Kenji Gorre,61,2014
1166,Isaiah Brown,61,2014
1167,Michael Petrasso,61,2014
1168,Francisco Junior,61,2014
1169,Tom Thorpe,61,2014
1170,Bruno Andrade,61,2014
1171,Adil Nabi,61,2014
1172,Cody Cropper,61,2014
1173,Curtis Good,61,2014
1174,Benjamin Siegrist,61,2014
1175,Nathan Ricketts-Hopkinson,60,2014
1176,Oliver Shenton,60,2014
1177,Krystian Bielik,60,2014
1178,Dionatan Teixeira,60,2014
1179,Alex Jones,60,2014
1180,Darnell Furlong,60,2014
1181,Jake Hesketh,60,2014
1182,Jordan Rossiter,60,2014
1183,Jack Nardiello,60,2014
1184,Jack Barmby,60,2014
1185,James Alabi,60,2014
1186,Bradley Garmston,60,2014
1187,Brian Lenihan,60,2014
1188,Andy Kellett,60,2014
1189,Brendan Galloway,60,2014
1190,Frankie Sutherland,60,2014
1191,Daniel Potts,60,2014
1192,Chris Kettings,60,2014
1193,Zoumana Bakayogo,60,2014
1194,Joel Taylor,59,2014
1195,Reece Grego-Cox,59,2014
1196,Jeremie Boga,59,2014
1197,Ryan Ledson,59,2014
1198,Dominic Ball,59,2014
1199,Adam Armstrong,59,2014
1200,Brandon Barker,59,2014
1201,Josh Sims,59,2014
1202,Sam McQueen,59,2014
1203,David Henen,59,2014
1204,Andreas Pereira,59,2014
1205,Omar Rowe,59,2014
1206,Curtis Obeng,59,2014
1207,Jamie Sterry,58,2014
1208,Emmanuel Onariase,58,2014
1209,Josh Cullen,58,2014
1210,Liam Walsh,58,2014
1211,Jack Rose,58,2014
1212,Lynden Gooch,58,2014
1213,Liam Agnew,58,2014
1214,Thierry Ambrose,58,2014
1215,Cameron Brannagan,58,2014
1216,Harry Wilson,58,2014
1217,Jake Flannigan,58,2014
1218,Courtney Duffus,58,2014
1219,Oliver Davies,58,2014
1220,Angus Gunn,58,2014
1221,Duncan Watmore,58,2014
1222,Callam Jones,58,2014
1223,Ruben Loftus-Cheek,58,2014
1224,Andreas Christensen,58,2014
1225,Matthew Grimes,58,2014
1226,Dominic Gape,58,2014
1227,Scott Tancock,58,2014
1228,Ryan McLaughlin,58,2014
1229,Giancarlo Gallifuoco,58,2014
1230,Tom Anderson,58,2014
1231,Jake Sinclair,58,2014
1232,Liam O'Neil,58,2014
1233,Jamal Blackman,58,2014
1234,Charly Musonda,58,2014
1235,Raphael Spiegel,58,2014
1236,Graham Burke,58,2014
1237,Sadiq El-Fitouri,57,2014
1238,Lewis Page,57,2014
1239,Luke McGee,57,2014
1240,Thomas Robson,57,2014
1241,Ola Aina,57,2014
1242,Simonas Stankevičius,57,2014
1243,Josh Vickers,57,2014
1244,Johan Ter Horst,57,2014
1245,Samir Nabi,57,2014
1246,Freddie Woodman,57,2014
1247,Martin Smith,57,2014
1248,Will Aimson,57,2014
1249,Mani O'Sullivan,57,2014
1250,Kenneth McEvoy,57,2014
1251,Hiram Boateng,57,2014
1252,Leo Chambers,57,2014
1253,Elliot Lee,57,2014
1254,Dale Eve,57,2014
1255,Raheem Hanley,57,2014
1256,Danny Ward,57,2014
1257,Callum Robinson,57,2014
1258,Adam Drury,57,2014
1259,Ryan Inniss,57,2014
1260,Islam Feruz,57,2014
1261,Hamza Choudhury,56,2014
1262,Greg Luer,56,2014
1263,Amos Nasha,56,2014
1264,Nathan Mavila,56,2014
1265,Rees Greenwood,56,2014
1266,Daniel Akindayini,56,2014
1267,Maksymilian Stryjek,56,2014
1268,Herve Pepe-Ngoma,56,2014
1269,Tafari Moore,56,2014
1270,Jordan Williams,56,2014
1271,Aaron Birch,56,2014
1272,Julio Pleguezuelo,56,2014
1273,Harry Winks,56,2014
1274,Ryan Huddart,56,2014
1275,Cameron Dummigan,56,2014
1276,Olivier Kemen,56,2014
1277,George Honeyman,56,2014
1278,Mathias Bossaerts,56,2014
1279,Luke Conlan,56,2014
1280,Joe Davis,56,2014
1281,Reiss Greenidge,55,2014
1282,James Talbot,55,2014
1283,William Miller,55,2014
1284,Alexander McQueen,55,2014
1285,Jarrod Bowen,55,2014
1286,Carl Lawson,55,2014
1287,Alex Whitmore,55,2014
1288,Josh Onomah,55,2014
1289,Ashley Smith-Brown,55,2014
1290,Olivier Ntcham,55,2014
1291,Jerome Sinclair,55,2014
1292,Deyan Iliev,55,2014
1293,Alex Davey,55,2014
1294,Isaac Hayden,55,2014
1295,Cole Kpekawa,54,2014
1296,Brandon Comley,54,2014
1297,Reece Burke,54,2014
1298,Bersant Celina,54,2014
1299,Jack Byrne,54,2014
1300,George Glendon,54,2014
1301,Brad Smith,54,2014
1302,Tika Musonda,54,2014
1303,Max Clark,53,2014
1304,Alex Palmer,53,2014
1305,Callum Richardson,53,2014
1306,Sam Topliss,53,2014
1307,Nathan Lowe,52,2014
1308,Conor Mitchell,52,2014
1309,Lubomir Satka,52,2014
1310,Joe Cracknell,52,2014
1311,Luke Daly,51,2014
1312,Kevin Ly,51,2014
1313,Jamie Frost,51,2014
1314,Alex Kiwomya,51,2014
1315,Riccardo Calder,49,2014
1316,Joe Rothwell,49,2014
1317,Eden Hazard,88,2015
1318,Mesut Ozil,88,2015
1319,Sergio Aguero,88,2015
1320,De Gea,87,2015
1321,Kevin De Bruyne,86,2015
1322,Thibaut Courtois,86,2015
1323,Alexis Sanchez,86,2015
1324,David Silva,86,2015
1325,Cesc Fabregas,86,2015
1326,Petr Cech,86,2015
1327,Diego Costa,85,2015
1328,Hugo Lloris,85,2015
1329,Santi Cazorla,85,2015
1330,Vincent Kompany,85,2015
1331,Bastian Schweinsteiger,85,2015
1332,Wayne Rooney,85,2015
1333,Yaya Toure,85,2015
1334,Nicolas Otamendi,84,2015
1335,Coutinho,84,2015
1336,Laurent Koscielny,84,2015
1337,Joe Hart,84,2015
1338,John Terry,84,2015
1339,Nemanja Matic,83,2015
1340,Christian Eriksen,83,2015
1341,Chris Smalling,83,2015
1342,Pedro,83,2015
1343,Willian,83,2015
1344,Juan Mata,83,2015
1345,Dimitri Payet,83,2015
1346,Daniel Sturridge,83,2015
1347,Per Mertesacker,83,2015
1348,Harry Kane,82,2015
1349,Roberto Firmino,82,2015
1350,Romelu Lukaku,82,2015
1351,Oscar,82,2015
1352,Aaron Ramsey,82,2015
1353,Azpilicueta,82,2015
1354,Toby Alderweireld,82,2015
1355,Olivier Giroud,82,2015
1356,Morgan Schneiderlin,82,2015
1357,Jan Vertonghen,82,2015
1358,Asmir Begovic,82,2015
1359,Falcao,82,2015
1360,Samir Nasri,82,2015
1361,Gary Cahill,82,2015
1362,Leighton Baines,82,2015
1363,Pablo Zabaleta,82,2015
1364,Riyad Mahrez,81,2015
1365,Raheem Sterling,81,2015
1366,Ander Herrera,81,2015
1367,Jack Wilshere,81,2015
1368,Matteo Darmian,81,2015
1369,Mamadou Sakho,81,2015
1370,Seamus Coleman,81,2015
1371,Jose Fonte,81,2015
1372,Martin Skrtel,81,2015
1373,Theo Walcott,81,2015
1374,Ashley Williams,81,2015
1375,Victor Valdes,81,2015
1376,Phil Jagielka,81,2015
1377,Deulofeu,80,2015
1378,Ross Barkley,80,2015
1379,Phil Jones,80,2015
1380,Xherdan Shaqiri,80,2015
1381,Nathaniel Clyne,80,2015
1382,Wilfried Bony,80,2015
1383,James McCarthy,80,2015
1384,Christian Benteke,80,2015
1385,Georginio Wijnaldum,80,2015
1386,Adam Lallana,80,2015
1387,Alexandre Pato,80,2015
1388,Loic Remy,80,2015
1389,Branislav Ivanovic,80,2015
1390,Nacho Monreal,80,2015
1391,Bojan,80,2015
1392,Winston Reid,80,2015
1393,Kevin Mirallas,80,2015
1394,Erik Lamela,80,2015
1395,Ryan Shawcross,80,2015
1396,Yohan Cabaye,80,2015
1397,Bacary Sagna,80,2015
1398,Moussa Dembele,80,2015
1399,Jesus Navas,80,2015
1400,James Milner,80,2015
1401,Michel Vorm,80,2015
1402,Fernandinho,80,2015
1403,Michael Carrick,80,2015
1404,N'Golo Kante,79,2015
1405,Jamie Vardy,79,2015
1406,Kurt Zouma,79,2015
1407,Jack Butland,79,2015
1408,Memphis Depay,79,2015
1409,Dejan Lovren,79,2015
1410,Daley Blind,79,2015
1411,Eliaquim Mangala,79,2015
1412,Francis Coquelin,79,2015
1413,Salomon Rondon,79,2015
1414,Seydou DoumbiaL,79,2015
1415,Kyle Walker,79,2015
1416,Danny Welbeck,79,2015
1417,Kieran Gibbs,79,2015
1418,Gylfi Sigurdsson,79,2015
1419,Marko Arnautovic,79,2015
1420,Angelo Ogbonna,79,2015
1421,Jordan Henderson,79,2015
1422,Moussa Sissoko,79,2015
1423,Max Gradel,79,2015
1424,Jeremain Lens,79,2015
1425,Andre Ayew,79,2015
1426,Lucas Leiva,79,2015
1427,Ben Foster,79,2015
1428,Ashley Young,79,2015
1429,Gael Clichy,79,2015
1430,Tomas Rosicky,79,2015
1431,Gareth Barry,79,2015
1432,Anthony Martial,78,2015
1433,Kevin Wimmer,78,2015
1434,Sadio Mane,78,2015
1435,Luke Shaw,78,2015
1436,Federico Fernandez,78,2015
1437,Marcos Rojo,78,2015
1438,Gabriel,78,2015
1439,Nacer Chadli,78,2015
1440,Dusan Tadic,78,2015
1441,Alex Oxlade-Chamberlain,78,2015
1442,Wilfried Zaha,78,2015
1443,Giannelli Imbula,78,2015
1444,Adrian,78,2015
1445,Wahbi Khazri,78,2015
1446,Manuel Lanzini,78,2015
1447,Yann M'Vila,78,2015
1448,Aleksandar Kolarov,78,2015
1449,Fernando,78,2015
1450,Claudio Yacob,78,2015
1451,Nordin Amrabat,78,2015
1452,Dieumerci Mbokani,78,2015
1453,Marouane Fellaini,78,2015
1454,David Ospina,78,2015
1455,Simon Mignolet,78,2015
1456,Mario Suarez,78,2015
1457,Cheick Tiote,78,2015
1458,Tim Krul,78,2015
1459,Ryan Bertrand,78,2015
1460,Danny Rose,78,2015
1461,Jonny Evans,78,2015
1462,Łukasz Fabiański,78,2015
1463,Graziano Pelle,78,2015
1464,Kasper Schmeichel,78,2015
1465,Ibrahim Afellay,78,2015
1466,Scott Dann,78,2015
1467,Alexandre SongL,78,2015
1468,Robert Huth,78,2015
1469,Wes Morgan,78,2015
1470,Martin Demichelis,78,2015
1471,Kolo Toure,78,2015
1472,Emmanuel Adebayor,78,2015
1473,Jermain Defoe,78,2015
1474,Dele Alli,77,2015
1475,Chancel Mbemba,77,2015
1476,Abdul Rahman Baba,77,2015
1477,Oumar Niasse,77,2015
1478,Alberto Moreno,77,2015
1479,Jores Okore,77,2015
1480,Hector Bellerin,77,2015
1481,John Stones,77,2015
1482,Virgil van Dijk,77,2015
1483,Cedric,77,2015
1484,Heung Min Son,77,2015
1485,Jordy Clasie,77,2015
1486,Juan Manuel Iturbe,77,2015
1487,Philipp Wollscheid,77,2015
1488,Charlie Austin,77,2015
1489,Allan-Romeo Nyom,77,2015
1490,Tom Cleverley,77,2015
1491,Jonjo Shelvey,77,2015
1492,Yannick Bolasie,77,2015
1493,Victor Wanyama,77,2015
1494,Daryl Janmaat,77,2015
1495,Mame Diouf,77,2015
1496,Alberto Paloschi,77,2015
1497,Jefferson Montero,77,2015
1498,Odion Ighalo,77,2015
1499,Fabian Delph,77,2015
1500,Henri Saivet,77,2015
1501,Andy Carroll,77,2015
1502,Jose Holebas,77,2015
1503,Ki Sung Yueng,77,2015
1504,Etienne Capoue,77,2015
1505,Papiss Demba Cisse,77,2015
1506,Micah Richards,77,2015
1507,Jack Cork,77,2015
1508,Lee Cattermole,77,2015
1509,John Obi Mikel,77,2015
1510,Stephane Sessegnon,77,2015
1511,Bafetimbi Gomis,77,2015
1512,Gokhan Inler,77,2015
1513,Mark Noble,77,2015
1514,Aaron Lennon,77,2015
1515,Willy Caballero,77,2015
1516,Glen Johnson,77,2015
1517,Arouna Kone,77,2015
1518,Steven Pienaar,77,2015
1519,Fabricio Coloccini,77,2015
1520,Jonas Olsson,77,2015
1521,Sylvain Distin,77,2015
1522,Enner Valencia,76,2015
1523,Aleksandar Mitrovic,76,2015
1524,Divock Origi,76,2015
1525,Jesse Lingard,76,2015
1526,Ben Davies,76,2015
1527,Joel Campbell,76,2015
1528,Saido Berahino,76,2015
1529,Eric Dier,76,2015
1530,Jordan Veretout,76,2015
1531,Timm Klose,76,2015
1532,Jordan Ayew,76,2015
1533,Danny Ings,76,2015
1534,Shinji Okazaki,76,2015
1535,Jack Colback,76,2015
1536,Steven CaulkerL,76,2015
1537,Costel Pantilimon,76,2015
1538,Cheikhou Kouyate,76,2015
1539,Geoff Cameron,76,2015
1540,Siem de Jong,76,2015
1541,Joel Ward,76,2015
1542,Kieran Trippier,76,2015
1543,Danny Drinkwater,76,2015
1544,Joe Allen,76,2015
1545,Ciaran Clark,76,2015
1546,Troy Deeney,76,2015
1547,Carlos Sanchez,76,2015
1548,Mile Jedinak,76,2015
1549,Dame N'Doye,76,2015
1550,Youssouf Mulumbu,76,2015
1551,Sebastian Prodl,76,2015
1552,Nathan DyerL,76,2015
1553,Sergio Romero,76,2015
1554,Victor MosesL,76,2015
1555,Fraser Forster,76,2015
1556,James McArthur,76,2015
1557,Jay Rodriguez,76,2015
1558,Darron Gibson,76,2015
1559,Brad Guzan,76,2015
1560,Younes Kaboul,76,2015
1561,Glenn Whelan,76,2015
1562,Steven Naismith,76,2015
1563,Valon Behrami,76,2015
1564,Mathieu Flamini,76,2015
1565,Àngel Rangel,76,2015
1566,Steven Davis,76,2015
1567,Wes Hoolahan,76,2015
1568,Leon Britton,76,2015
1569,Christian Fuchs,76,2015
1570,Gomes,76,2015
1571,Artur Boruc,76,2015
1572,Julian Speroni,76,2015
1573,Maarten StekelenburgL,76,2015
1574,Jordan Amavi,75,2015
1575,Emre Can,75,2015
1576,Adnan Januzaj,75,2015
1577,James Ward-Prowse,75,2015
1578,Robbie Brady,75,2015
1579,Muhamed Besic,75,2015
1580,Steven Berghuis,75,2015
1581,Emmanuel EmenikeL,75,2015
1582,Ramiro Funes Mori,75,2015
1583,Jordi Amat,75,2015
1584,Callum Wilson,75,2015
1585,Andros Townsend,75,2015
1586,Diafra Sakho,75,2015
1587,Pape Souare,75,2015
1588,Idrissa Gueye,75,2015
1589,Marc Muniesa,75,2015
1590,Jan Kirchhoff,75,2015
1591,Michail Antonio,75,2015
1592,Ryan Mason,75,2015
1593,Alex McCarthy,75,2015
1594,Leroy FerL,75,2015
1595,Fabio Borini,75,2015
1596,Jack Rodwell,75,2015
1597,Marc Albrighton,75,2015
1598,Bakary Sako,75,2015
1599,Erik Pieters,75,2015
1600,Craig Gardner,75,2015
1601,Joselu,75,2015
1602,James Tomkins,75,2015
1603,Stephen Ireland,75,2015
1604,Shane Long,75,2015
1605,Scott Sinclair,75,2015
1606,Antonio Valencia,75,2015
1607,John Ruddy,75,2015
1608,Sebastien Pocognoli,75,2015
1609,Jurado,75,2015
1610,Leon Osman,75,2015
1611,Sylvain Marveaux,75,2015
1612,Yoan Gouffran,75,2015
1613,Charlie Adam,75,2015
1614,Alexander Tettey,75,2015
1615,Jason Puncheon,75,2015
1616,Darren Fletcher,75,2015
1617,Gareth McAuley,75,2015
1618,Wayne Routledge,75,2015
1619,Peter Crouch,75,2015
1620,James Collins,75,2015
1621,Rickie Lambert,75,2015
1622,John O'Shea,75,2015
1623,Nabil Bentaleb,74,2015
1624,Carles Gil,74,2015
1625,Bertrand Traore,74,2015
1626,Ilori,74,2015
1627,Pedro Obiang,74,2015
1628,Nathan Redmond,74,2015
1629,Cristian Gamboa,74,2015
1630,Ivo Pinto,74,2015
1631,Joel Robles,74,2015
1632,Aaron Cresswell,74,2015
1633,Ashley Westwood,74,2015
1634,Miguel Angel Britos,74,2015
1635,Libor Kozak,74,2015
1636,Kyle Naughton,74,2015
1637,Matt Ritchie,74,2015
1638,Patrick van Aanholt,74,2015
1639,Martin Olsson,74,2015
1640,Lamine Kone,74,2015
1641,Martin Kelly,74,2015
1642,Vito Mannone,74,2015
1643,Neil Taylor,74,2015
1644,Sebastien Bassong,74,2015
1645,Graham Dorrans,74,2015
1646,Wayne Hennessey,74,2015
1647,Joe Ledley,74,2015
1648,Gabriel Agbonlahor,74,2015
1649,Sebastian Larsson,74,2015
1650,James Morrison,74,2015
1651,Damien Delaney,74,2015
1652,Joleon Lescott,74,2015
1653,Jonathan Walters,74,2015
1654,Marouane Chamakh,74,2015
1655,Shay Given,74,2015
1656,Kelechi Iheanacho,73,2015
1657,Ayoze Perez,73,2015
1658,Mohamed Elneny,73,2015
1659,Florin Gardoş,73,2015
1660,Lucas Piazon,73,2015
1661,Benik Afobe,73,2015
1662,Oriol Romeu,73,2015
1663,James McClean,73,2015
1664,Connor Wickham,73,2015
1665,Callum McManaman,73,2015
1666,SandroL,73,2015
1667,Rudy Gestede,73,2015
1668,Adam Bogdan,73,2015
1669,Harry Arter,73,2015
1670,Vurnon Anita,73,2015
1671,Aly Cissokho,73,2015
1672,Ola Toivonen,73,2015
1673,Vadis Odjidja-Ofoe,73,2015
1674,Andrew Surman,73,2015
1675,Jose Enrique,73,2015
1676,Darren Randolph,73,2015
1677,Victor Anichebe,73,2015
1678,Marc Wilson,73,2015
1679,Leonardo Ulloa,73,2015
1680,Cameron Jerome,73,2015
1681,Charles N'Zogbia,73,2015
1682,Adam Federici,73,2015
1683,Matt Jarvis,73,2015
1684,Russell Martin,73,2015
1685,Mark Bunn,73,2015
1686,Alan Hutton,73,2015
1687,Kieran Richardson,73,2015
1688,Wes Brown,73,2015
1689,Mark Schwarzer,73,2015
1690,Kenedy,72,2015
1691,Matt Miazga,72,2015
1692,Nathan AkeL,72,2015
1693,Calum Chambers,72,2015
1694,Jon Flanagan,72,2015
1695,Massadio Haidara,72,2015
1696,Carl JenkinsonL,72,2015
1697,Leandro Bacuna,72,2015
1698,Steve Cook,72,2015
1699,Kristoffer Nordfeldt,72,2015
1700,Maya Yoshida,72,2015
1701,James Chester,72,2015
1702,Jonny Howson,72,2015
1703,Craig Cathcart,72,2015
1704,Glenn Murray,72,2015
1705,Danny Simpson,72,2015
1706,Phil Bardsley,72,2015
1707,Lee Chung Yong,72,2015
1708,Marcin Wasilewski,72,2015
1709,Almen Abdi,72,2015
1710,Simon Francis,72,2015
1711,Boaz Myhill,72,2015
1712,Tony Hibbert,72,2015
1713,Rolando Aarons,71,2015
1714,Adama,71,2015
1715,DeAndre YedlinL,71,2015
1716,Sam Byram,71,2015
1717,Jack Grealish,71,2015
1718,Dwight Gayle,71,2015
1719,Jordon Ibe,71,2015
1720,Alex PritchardL,71,2015
1721,Jordan Pickford,71,2015
1722,Tom Carroll,71,2015
1723,Bryan Oviedo,71,2015
1724,Joel Ekstrand,71,2015
1725,Emmanuel Riviere,71,2015
1726,Jordon Mutch,71,2015
1727,Dan Gosling,71,2015
1728,Ryan Bennett,71,2015
1729,Tommy Elphick,71,2015
1730,Adrian Mariappa,71,2015
1731,Charlie Daniels,71,2015
1732,Fraizer Campbell,71,2015
1733,Marc Pugh,71,2015
1734,Ben Watson,71,2015
1735,Billy Jones,71,2015
1736,Daniel Amartey,70,2015
1737,Tyrone Mings,70,2015
1738,Juan Carlos Paredes,70,2015
1739,Patrick BamfordL,70,2015
1740,Serge Gnabry,70,2015
1741,Andre WisdomL,70,2015
1742,Liam Moore,70,2015
1743,Michael Hector,70,2015
1744,Juanmi,70,2015
1745,Adam Smith,70,2015
1746,Declan Rudd,70,2015
1747,Andy King,70,2015
1748,Adlene Guedioura,70,2015
1749,Marco Amelia,70,2015
1750,Steven Whittaker,70,2015
1751,Gary O'Neil,70,2015
1752,Marcus Rashford,69,2015
1753,Josh Onomah,69,2015
1754,Paddy McNair,69,2015
1755,Alex Iwobi,69,2015
1756,Clinton N'Jie,69,2015
1757,Andreas Pereira,69,2015
1758,Modou Barrow,69,2015
1759,Cuco Martina,69,2015
1760,Paul Dummett,69,2015
1761,Jamaal Lascelles,69,2015
1762,Tommie Hoban,69,2015
1763,Valentin Roberge,69,2015
1764,Jeffrey Schlupp,69,2015
1765,Junior Stanislas,69,2015
1766,Joshua King,69,2015
1767,Felipe Mattioni,69,2015
1768,Gabriel Obertan,69,2015
1769,Lewis Grabban,69,2015
1770,Ikechi Anya,69,2015
1771,Rob Elliot,69,2015
1772,Steve Harper,69,2015
1773,Obbi Oulare,68,2015
1774,Joe Gomez,68,2015
1775,Demarai Gray,68,2015
1776,Guillermo Varela,68,2015
1777,Teixeira,68,2015
1778,Sean Murray,68,2015
1779,Eunan O'Kane,68,2015
1780,Karl Darlow,68,2015
1781,Kyle Bartley,68,2015
1782,Matty James,68,2015
1783,Marvin Emnes,68,2015
1784,Rhoys Wiggins,68,2015
1785,Joey O'Brien,68,2015
1786,Chris Brunt,68,2015
1787,Cameron Borthwick-Jackson,67,2015
1788,Tony Andreu,67,2015
1789,Duncan Watmore,67,2015
1790,Harrison Reed,67,2015
1791,Doneil Henry,67,2015
1792,Patrick McCarthy,67,2015
1793,Timothy Fosu-Mensah,66,2015
1794,Kasey Palmer,66,2015
1795,Manu Garcia,66,2015
1796,Brandon Barker,66,2015
1797,Matt Targett,66,2015
1798,Ruben Loftus-Cheek,66,2015
1799,Brendan Galloway,66,2015
1800,Tokelo Rantie,66,2015
1801,Tyias Browning,66,2015
1802,Craig Dawson,66,2015
1803,Shaun MacDonald,66,2015
1804,Ben Hamer,66,2015
1805,Jonathan Leko,65,2015
1806,Reece Oxford,65,2015
1807,Thierry Ambrose,65,2015
1808,Bersant Celina,65,2015
1809,Kenji Gorre,65,2015
1810,Danny Ward,65,2015
1811,Ezekiel Fryers,65,2015
1812,Sam Johnstone,65,2015
1813,Paulo Gazzaniga,65,2015
1814,Will Keane,65,2015
1815,Kwesi Appiah,65,2015
1816,Ben Chilwell,64,2015
1817,Keshi Anderson,64,2015
1818,Kieran Dowell,64,2015
1819,Angelino,64,2015
1820,Baily Cargill,64,2015
1821,Sam Gallagher,64,2015
1822,Tammy Abraham,63,2015
1823,Dennon Lewis,63,2015
1824,David Faupala,63,2015
1825,Nathan Oduwa,63,2015
1826,Sheyi Ojo,63,2015
1827,Lynden Gooch,63,2015
1828,Jindrich Staněk,63,2015
1829,Jay Fulton,63,2015
1830,Michael Cain,63,2015
1831,Matthew Pennington,63,2015
1832,Conor Grant,63,2015
1833,Angus Gunn,63,2015
1834,Curtis Good,63,2015
1835,Donyell Malen,62,2015
1836,Andre Green,62,2015
1837,Aleix Garcia,62,2015
1838,Jeff Reine-Adelaide,62,2015
1839,Joel Taylor,62,2015
1840,Dionatan Teixeira,62,2015
1841,Stephen Hendrie,62,2015
1842,Jake Hesketh,62,2015
1843,Martin Samuelsen,62,2015
1844,Ryan Seager,62,2015
1845,Jakob Haugaard,62,2015
1846,Kevin Stewart,62,2015
1847,Stephane Zubar,62,2015
1848,Joe Riley,61,2015
1849,Marcus McGuane,61,2015
1850,Joe Ward,61,2015
1851,Andre Wright,61,2015
1852,Matthew Butcher,61,2015
1853,Zachary Elbouzedi,61,2015
1854,Rushian Hepburn-Murphy,61,2015
1855,Oliver Shenton,61,2015
1856,Kevin Toner,61,2015
1857,Luke McGee,61,2015
1858,Mason Holgate,61,2015
1859,Krystian Bielik,61,2015
1860,Stephen Kingsley,61,2015
1861,Moha,61,2015
1862,Freddie Woodman,61,2015
1863,Jake Flannigan,61,2015
1864,Gregor Zabret,61,2015
1865,Joe Dodoo,61,2015
1866,Daniel Bachmann,61,2015
1867,Kyle Edwards,60,2015
1868,Andre Olukanmi,60,2015
1869,Joe Quigley,60,2015
1870,Jake Clarke-Salter,60,2015
1871,Alfie Young,60,2015
1872,Tyler Roberts,60,2015
1873,Jamie Sterry,60,2015
1874,Daniel Barlaser,60,2015
1875,Regan Poole,60,2015
1876,Tom Beadling,60,2015
1877,Rees Greenwood,60,2015
1878,Ola Aina,60,2015
1879,Cameron Humphreys-Grant,60,2015
1880,Harry Winks,60,2015
1881,Cameron Brannagan,60,2015
1882,Josh Sims,60,2015
1883,Callum Elder,60,2015
1884,Dominic Gape,60,2015
1885,Brad Smith,60,2015
1886,Mikael Mandron,60,2015
1887,Fikayo Tomori,59,2015
1888,Callum Williams,59,2015
1889,Djair Parfitt-Williams,59,2015
1890,Dominic Kurasik,59,2015
1891,Daniel Gyollai,59,2015
1892,Eddy Lecygne,59,2015
1893,Cameron Carter-Vickers,59,2015
1894,Charlie Colkett,59,2015
1895,Lewis Page,59,2015
1896,Thomas Robson,59,2015
1897,Tafari Moore,59,2015
1898,Samir Nabi,59,2015
1899,Alex Bray,59,2015
1900,Oliver Davies,59,2015
1901,George Honeyman,59,2015
1902,Callam Jones,59,2015
1903,Raheem Hanley,59,2015
1904,Chris Kettings,59,2015
1905,Lee Lucas,59,2015
1906,Raphael Spiegel,59,2015
1907,Olufela Olomola,58,2015
1908,Luka Belic,58,2015
1909,Jordan Lee,58,2015
1910,Jack Simpson,58,2015
1911,Owain Jones,58,2015
1912,Will Wood,58,2015
1913,Daniel Crowley,58,2015
1914,Jordan Lyden,58,2015
1915,Josh Vickers,58,2015
1916,Julio Pleguezuelo,58,2015
1917,Liam Agnew,58,2015
1918,Tosin Adarabioyo,58,2015
1919,Joshua Debayo,58,2015
1920,Cameron King,58,2015
1921,Josh Sheehan,58,2015
1922,Henry Jones,58,2015
1923,Bernard Mensah,58,2015
1924,Marcus Browne,57,2015
1925,Jack Fitzwater,57,2015
1926,Aaron Bissaka,57,2015
1927,Mateusz Hewelt,57,2015
1928,Ben Godfrey,57,2015
1929,William Miller,57,2015
1930,Maksymilian Stryjek,57,2015
1931,Simonas Stankevičius,57,2015
1932,Alex Jakubiak,57,2015
1933,Sean Goss,57,2015
1934,Adel Gafaiti,57,2015
1935,Rene Gilmartin,57,2015
1936,Ebou Adams,56,2015
1937,Grady Diangana,56,2015
1938,Ethan Robson,56,2015
1939,Callum Connolly,56,2015
1940,Kyle Walker-Peters,56,2015
1941,Kyle Bailey,56,2015
1942,Bradley Collins,56,2015
1943,Emmanuel Sonupe,56,2015
1944,Jamie Eaton-Collins,56,2015
1945,Reise Allassani,56,2015
1946,Ryan Watson,56,2015
1947,Anthony Georgiou,55,2015
1948,Christian Maghoma,55,2015
1949,Josh Robson,55,2015
1950,Easah Suliman,55,2015
1951,Brandon Fox,55,2015
1952,Dom Telford,55,2015
1953,Connor Dymond,55,2015
1954,Connor Randall,55,2015
1955,Jonathan Muleba,55,2015
1956,Reece Hall-Johnson,55,2015
1957,Cy Goddard,54,2015
1958,Luke Amos,54,2015
1959,Jonathan Maddison,54,2015
1960,Todd Cantwell,54,2015
1961,Luke Croll,54,2015
1962,Alex Palmer,54,2015
1963,Afolabi Coker,54,2015
1964,Kevin Mbabu,54,2015
1965,Keinan Davis,53,2015
1966,Nathan Gartside,53,2015
1967,George Byers,53,2015
1968,Mark Waddington,53,2015
1969,James Horsfield,53,2015
1970,George Dobson,52,2015
1971,Tom Davies,51,2015
1972,Matt Macey,51,2015
1973,Niall Mason,50,2015
1974,Josh Doherty,50,2015
1975,Corey Blackett-Taylor,48,2015
1976,Bradley Watkins,46,2015
1977,De Gea,90,2016
1978,Zlatan Ibrahimovic,90,2016
1979,Thibaut Courtois,89,2016
1980,Eden Hazard,89,2016
1981,Mesut Ozil,89,2016
1982,Sergio Aguero,89,2016
1983,Paul Pogba,88,2016
1984,Kevin De Bruyne,88,2016
1985,Alexis Sanchez,88,2016
1986,Hugo Lloris,88,2016
1987,Petr Cech,88,2016
1988,David Silva,87,2016
1989,Henrikh Mkhitaryan,86,2016
1990,Christian Eriksen,86,2016
1991,Coutinho,86,2016
1992,Diego Costa,86,2016
1993,Cesc Fabregas,86,2016
1994,Vincent Kompany,86,2016
1995,Harry Kane,85,2016
1996,Romelu Lukaku,85,2016
1997,İlkay Gundogan,85,2016
1998,Toby Alderweireld,85,2016
1999,Willian,85,2016
2000,Juan Mata,85,2016
2001,Laurent Koscielny,85,2016
2002,Santi Cazorla,85,2016
2003,Riyad Mahrez,84,2016
2004,Shkodran Mustafi,84,2016
2005,Ander Herrera,84,2016
2006,Nemanja Matic,84,2016
2007,David Luiz,84,2016
2008,Yaya Toure,84,2016
2009,Eric Bailly,83,2016
2010,N'Golo Kante,83,2016
2011,Virgil van Dijk,83,2016
2012,Raheem Sterling,83,2016
2013,Roberto Firmino,83,2016
2014,Marcos Rojo,83,2016
2015,Joel Matip,83,2016
2016,Nicolas Otamendi,83,2016
2017,Chris Smalling,83,2016
2018,Pedro,83,2016
2019,Aaron Ramsey,83,2016
2020,Azpilicueta,83,2016
2021,Adam Lallana,83,2016
2022,Olivier Giroud,83,2016
2023,Jan Vertonghen,83,2016
2024,Asmir Begovic,83,2016
2025,Daniel Sturridge,83,2016
2026,Gary Cahill,83,2016
2027,Ashley Williams,83,2016
2028,Steve Mandanda,83,2016
2029,Leighton Baines,83,2016
2030,Kasper Schmeichel,83,2016
2031,Leroy Sane,82,2016
2032,Islam Slimani,82,2016
2033,Anthony Martial,82,2016
2034,Dele Alli,82,2016
2035,Sadio Mane,82,2016
2036,Loris Karius,82,2016
2037,Jack Butland,82,2016
2038,Granit Xhaka,82,2016
2039,Idrissa Gueye,82,2016
2040,Xherdan Shaqiri,82,2016
2041,Nathaniel Clyne,82,2016
2042,Jack WilshereL,82,2016
2043,Kyle Walker,82,2016
2044,Gylfi Sigurdsson,82,2016
2045,Marko Arnautovic,82,2016
2046,Jordan Henderson,82,2016
2047,Mamadou SakhoL,82,2016
2048,Seamus Coleman,82,2016
2049,Morgan Schneiderlin,82,2016
2050,Claudio Bravo,82,2016
2051,Kevin Mirallas,82,2016
2052,Jose Fonte,82,2016
2053,Antonio Valencia,82,2016
2054,Moussa Dembele,82,2016
2055,Fernandinho,82,2016
2056,Victor Valdes,82,2016
2057,Wayne Rooney,82,2016
2058,Per Mertesacker,82,2016
2059,Michael Carrick,82,2016
2060,Jamie Vardy,81,2016
2061,Nolito,81,2016
2062,Lucas Perez,81,2016
2063,Ross Barkley,81,2016
2064,Dejan Lovren,81,2016
2065,Roberto Pereyra,81,2016
2066,Daley Blind,81,2016
2067,Salomon Rondon,81,2016
2068,James McCarthy,81,2016
2069,Christian Benteke,81,2016
2070,Georginio Wijnaldum,81,2016
2071,Erik Lamela,81,2016
2072,Danny Rose,81,2016
2073,Theo Walcott,81,2016
2074,Bacary Sagna,81,2016
2075,Jermain Defoe,81,2016
2076,John Terry,81,2016
2077,Michy Batshuayi,80,2016
2078,Kurt Zouma,80,2016
2079,Hector Bellerin,80,2016
2080,John Stones,80,2016
2081,Heung Min Son,80,2016
2082,Dusan Tadic,80,2016
2083,Alex Oxlade-Chamberlain,80,2016
2084,Wilfried Zaha,80,2016
2085,Manolo Gabbiadini,80,2016
2086,Phil Jones,80,2016
2087,Michail Antonio,80,2016
2088,Wilfried BonyL,80,2016
2089,Manuel Lanzini,80,2016
2090,Victor Wanyama,80,2016
2091,Ron-Robert Zieler,80,2016
2092,Danny Welbeck,80,2016
2093,Danny Drinkwater,80,2016
2094,Aleksandar Kolarov,80,2016
2095,Matteo Darmian,80,2016
2096,Angelo Ogbonna,80,2016
2097,Nordin Amrabat,80,2016
2098,Martin Caceres,80,2016
2099,Nacho Monreal,80,2016
2100,Andre Ayew,80,2016
2101,Winston Reid,80,2016
2102,Lucas Leiva,80,2016
2103,Simon Mignolet,80,2016
2104,Sergio Romero,80,2016
2105,Ryan Bertrand,80,2016
2106,Ryan Shawcross,80,2016
2107,Yohan Cabaye,80,2016
2108,Łukasz Fabiański,80,2016
2109,Ben Foster,80,2016
2110,NegredoL,80,2016
2111,Pablo Zabaleta,80,2016
2112,James Milner,80,2016
2113,Michel Vorm,80,2016
2114,Phil Jagielka,80,2016
2115,Gareth Barry,80,2016
2116,Gabriel Jesus,79,2016
2117,Divock Origi,79,2016
2118,Sofiane Boufal,79,2016
2119,Emre Can,79,2016
2120,Michael Keane,79,2016
2121,Luke Shaw,79,2016
2122,Eric Dier,79,2016
2123,Federico Fernandez,79,2016
2124,Gabriel,79,2016
2125,Cedric,79,2016
2126,Bruno Martins IndiL,79,2016
2127,Giannelli Imbula,79,2016
2128,Adrian,79,2016
2129,Wahbi Khazri,79,2016
2130,Marcos Alonso,79,2016
2131,Francis Coquelin,79,2016
2132,Sofiane Feghouli,79,2016
2133,Claudio Yacob,79,2016
2134,Moussa Sissoko,79,2016
2135,Loic RemyL,79,2016
2136,Marouane Fellaini,79,2016
2137,David Ospina,79,2016
2138,Jonny Evans,79,2016
2139,Tom Heaton,79,2016
2140,Llorente,79,2016
2141,Mathieu Debuchy,79,2016
2142,Ibrahim Afellay,79,2016
2143,Scott Dann,79,2016
2144,Jesus Navas,79,2016
2145,Willy Caballero,79,2016
2146,Marcus Rashford,78,2016
2147,Kevin Wimmer,78,2016
2148,Jesse Lingard,78,2016
2149,Ben Davies,78,2016
2150,M'Baye NiangL,78,2016
2151,Gaston Ramirez,78,2016
2152,Nacer Chadli,78,2016
2153,Jordy Clasie,78,2016
2154,Charlie Austin,78,2016
2155,Borja Baston,78,2016
2156,Andros Townsend,78,2016
2157,Shinji Okazaki,78,2016
2158,Allan Nyom,78,2016
2159,Gokhan Tore,78,2016
2160,Tom CleverleyL,78,2016
2161,Yannick Bolasie,78,2016
2162,Alfred N'DiayeL,78,2016
2163,Mame Diouf,78,2016
2164,Jefferson Montero,78,2016
2165,Kieran Gibbs,78,2016
2166,Fernando,78,2016
2167,Fabian Delph,78,2016
2168,Troy Deeney,78,2016
2169,Andy Carroll,78,2016
2170,Ki Sung Yueng,78,2016
2171,Dieumerci Mbokani,78,2016
2172,Victor Moses,78,2016
2173,Fraser Forster,78,2016
2174,Jack Cork,78,2016
2175,Ashley Young,78,2016
2176,Aaron Lennon,78,2016
2177,Gael Clichy,78,2016
2178,Ragnar Klavan,78,2016
2179,Robert Huth,78,2016
2180,Gomes,78,2016
2181,Vincent Janssen,77,2016
2182,Georges-Kevin Nkoudou,77,2016
2183,Mohamed Elneny,77,2016
2184,Abdoulaye Doucoure,77,2016
2185,Pedro Obiang,77,2016
2186,Ramiro Funes Mori,77,2016
2187,Brice Dja Djedje,77,2016
2188,Nampalys Mendy,77,2016
2189,Jordi Amat,77,2016
2190,Papy Djilobodji,77,2016
2191,Danny Ings,77,2016
2192,Costel Pantilimon,77,2016
2193,Jan Kirchhoff,77,2016
2194,Daryl Janmaat,77,2016
2195,Cheikhou Kouyate,77,2016
2196,Leroy Fer,77,2016
2197,Kieran Trippier,77,2016
2198,Joe Allen,77,2016
2199,Marc Albrighton,77,2016
2200,Max Gradel,77,2016
2201,Håvard Nordtveit,77,2016
2202,Jose Holebas,77,2016
2203,Etienne Capoue,77,2016
2204,Stefano Okaka,77,2016
2205,Kamil Grosicki,77,2016
2206,Sebastian Prodl,77,2016
2207,James McArthur,77,2016
2208,Steven Defour,77,2016
2209,Jay Rodriguez,77,2016
2210,Lee Cattermole,77,2016
2211,Darron Gibson,77,2016
2212,Curtis Davies,77,2016
2213,Valon Behrami,77,2016
2214,Robert Snodgrass,77,2016
2215,Mauro Zarate,77,2016
2216,Mark Noble,77,2016
2217,Steven Davis,77,2016
2218,Leon Britton,77,2016
2219,Christian Fuchs,77,2016
2220,Wes Morgan,77,2016
2221,Onyinye Ndidi,76,2016
2222,Enner ValenciaL,76,2016
2223,Jonathan Calleri,76,2016
2224,Lazar MarkovicL,76,2016
2225,ManquilloL,76,2016
2226,Adnan JanuzajL,76,2016
2227,Luka Milivojevic,76,2016
2228,James Ward-Prowse,76,2016
2229,Alberto Moreno,76,2016
2230,Jordan Pickford,76,2016
2231,Saido Berahino,76,2016
2232,Charly Musonda,76,2016
2233,Robbie Brady,76,2016
2234,Ahmed Musa,76,2016
2235,Muhamed Besic,76,2016
2236,Matthew Lowton,76,2016
2237,Jordan Ayew,76,2016
2238,Callum Wilson,76,2016
2239,Joel Robles,76,2016
2240,Andre Gray,76,2016
2241,Marc Muniesa,76,2016
2242,Luciano Narsingh,76,2016
2243,Christian Kabasele,76,2016
2244,Aaron Cresswell,76,2016
2245,Alex McCarthy,76,2016
2246,Miguel Angel Britos,76,2016
2247,Matt Phillips,76,2016
2248,Geoff Cameron,76,2016
2249,Bernardo Espinosa,76,2016
2250,Fabio Borini,76,2016
2251,Lamine Kone,76,2016
2252,James Tomkins,76,2016
2253,Nathan Dyer,76,2016
2254,Shane Long,76,2016
2255,Younes Kaboul,76,2016
2256,Glenn Whelan,76,2016
2257,James Morrison,76,2016
2258,Charlie Adam,76,2016
2259,Àngel Rangel,76,2016
2260,Darren Fletcher,76,2016
2261,Glen Johnson,76,2016
2262,Michael Dawson,76,2016
2263,Gareth McAuley,76,2016
2264,Artur Boruc,76,2016
2265,Wayne Routledge,76,2016
2266,Tom Huddlestone,76,2016
2267,James Collins,76,2016
2268,Maarten Stekelenburg,76,2016
2269,Kelechi Iheanacho,75,2016
2270,Pierre-Emile Hojbjerg,75,2016
2271,Arthur Masuaku,75,2016
2272,Nathan Ake,75,2016
2273,Marten de Roon,75,2016
2274,Oumar NiasseL,75,2016
2275,Calum ChambersL,75,2016
2276,Oriol Romeu,75,2016
2277,Nathan Redmond,75,2016
2278,Diafra Sakho,75,2016
2279,Pape Souare,75,2016
2280,Steve Cook,75,2016
2281,Maya Yoshida,75,2016
2282,Markus Henriksen,75,2016
2283,Ben Mee,75,2016
2284,Fabio,75,2016
2285,Jake Livermore,75,2016
2286,Abel Hernandez,75,2016
2287,Kyle Naughton,75,2016
2288,Joel Ward,75,2016
2289,Patrick van Aanholt,75,2016
2290,Martin Olsson,75,2016
2291,Harry Arter,75,2016
2292,Jeremy Pied,75,2016
2293,Jack Rodwell,75,2016
2294,Yohan Benalouane,75,2016
2295,Andrea RanocchiaL,75,2016
2296,Vito Mannone,75,2016
2297,Erik Pieters,75,2016
2298,Andrew Surman,75,2016
2299,Danny Simpson,75,2016
2300,Sebastian Larsson,75,2016
2301,Eduardo,75,2016
2302,Mathieu Flamini,75,2016
2303,David Marshall,75,2016
2304,Jonathan Walters,75,2016
2305,Arouna Kone,75,2016
2306,Peter Crouch,75,2016
2307,Steven Pienaar,75,2016
2308,Isaac Success,74,2016
2309,Jason DenayerL,74,2016
2310,Didier Ndong,74,2016
2311,Andrew Robertson,74,2016
2312,Alex Iwobi,74,2016
2313,Daniel Amartey,74,2016
2314,Mike van der Hoorn,74,2016
2315,Molla WagueL,74,2016
2316,Viktor Fischer,74,2016
2317,Harry Maguire,74,2016
2318,Benik Afobe,74,2016
2319,Jeff Hendrick,74,2016
2320,James McClean,74,2016
2321,Connor Wickham,74,2016
2322,Ahmed Elmohamady,74,2016
2323,Omar Elabdellaoui,74,2016
2324,Ryan Mason,74,2016
2325,Rudy Gestede,74,2016
2326,Adam Clayton,74,2016
2327,Joshua King,74,2016
2328,Sam Vokes,74,2016
2329,Stephen Ireland,74,2016
2330,Wayne Hennessey,74,2016
2331,Darren Randolph,74,2016
2332,Charlie Daniels,74,2016
2333,Victor Anichebe,74,2016
2334,Marc WilsonL,74,2016
2335,Evandro,74,2016
2336,Leonardo Ulloa,74,2016
2337,Stephen Ward,74,2016
2338,Joe Ledley,74,2016
2339,Damien Delaney,74,2016
2340,Jason Puncheon,74,2016
2341,Simon Francis,74,2016
2342,John O'Shea,74,2016
2343,Ramadan Sobhi,73,2016
2344,Pau LopezL,73,2016
2345,Kenedy,73,2016
2346,Adama,73,2016
2347,Sam Byram,73,2016
2348,Florin Gardoş,73,2016
2349,Tom Carroll,73,2016
2350,Carl Jenkinson,73,2016
2351,Ben Gibson,73,2016
2352,Daniel Ayala,73,2016
2353,Kristoffer Nordfeldt,73,2016
2354,Johann Berg Gudmundsson,73,2016
2355,Adam Smith,73,2016
2356,Ashley Westwood,73,2016
2357,George Friend,73,2016
2358,Ashley Barnes,73,2016
2359,Christian Stuani,73,2016
2360,Dan Gosling,73,2016
2361,Martin Kelly,73,2016
2362,Craig Cathcart,73,2016
2363,George Boyd,73,2016
2364,Juan Camilo ZunigaL,73,2016
2365,Adrian Mariappa,73,2016
2366,Barragan,73,2016
2367,Adam Federici,73,2016
2368,Phil Bardsley,73,2016
2369,Ben Watson,73,2016
2370,Lee Chung Yong,73,2016
2371,Stewart Downing,73,2016
2372,Boaz Myhill,73,2016
2373,Shay Given,73,2016
2374,Demarai Gray,72,2016
2375,Paddy McNair,72,2016
2376,Ryan Fraser,72,2016
2377,Kevin Stewart,72,2016
2378,James Tarkowski,72,2016
2379,Moses Odubajo,72,2016
2380,Bryan Oviedo,72,2016
2381,Adam Forshaw,72,2016
2382,Junior Stanislas,72,2016
2383,Andy King,72,2016
2384,Bakary Sako,72,2016
2385,Scott Arfield,72,2016
2386,Marc Pugh,72,2016
2387,Dean Marney,72,2016
2388,Julian Speroni,72,2016
2389,Timothy Fosu-Mensah,71,2016
2390,Marko Grujic,71,2016
2391,Harry Winks,71,2016
2392,Josh Onomah,71,2016
2393,Bartosz Kapustka,71,2016
2394,Tyrone Mings,71,2016
2395,Alfie Mawson,71,2016
2396,Patrick Bamford,71,2016
2397,Nathaniel Chalobah,71,2016
2398,Jordon Ibe,71,2016
2399,Jon FlanaganL,71,2016
2400,Jeffrey Schlupp,71,2016
2401,Mika,71,2016
2402,Craig Dawson,71,2016
2403,Adama Valentin Diomande,71,2016
2404,David Meyler,71,2016
2405,Fraizer Campbell,71,2016
2406,Billy Jones,71,2016
2407,Lee Grant,71,2016
2408,Gerhard Tremmel,71,2016
2409,Rob Holding,70,2016
2410,Joe Gomez,70,2016
2411,Lewis Cook,70,2016
2412,Stephen Kingsley,70,2016
2413,Todd Kane,70,2016
2414,Cuco Martina,70,2016
2415,Tendayi Darikwa,70,2016
2416,Luke Garbutt,70,2016
2417,Adlene Guedioura,70,2016
2418,Grant Leadbitter,70,2016
2419,Marcin Wasilewski,70,2016
2420,Joleon Lescott,70,2016
2421,Eldin Jakupovic,70,2016
2422,Axel Tuanzebe,69,2016
2423,Ben Chilwell,69,2016
2424,Dominic Solanke,69,2016
2425,Duncan Watmore,69,2016
2426,James Wilson,69,2016
2427,Mouez HassenL,69,2016
2428,Harrison Reed,69,2016
2429,Emiliano Martinez,69,2016
2430,Yaya Sanogo,69,2016
2431,Giedrius Arlauskis,69,2016
2432,Rhoys Wiggins,69,2016
2433,Chris Brunt,69,2016
2434,Trent Alexander-Arnold,68,2016
2435,Tom Davies,68,2016
2436,Lys Mousset,68,2016
2437,Matt Targett,68,2016
2438,Edimilson Fernandes,68,2016
2439,Ruben Loftus-Cheek,68,2016
2440,Sullay Kaikai,68,2016
2441,Brendan Galloway,68,2016
2442,Jack Stephens,68,2016
2443,Doneil Henry,68,2016
2444,Sam Clucas,68,2016
2445,Mark Birighitti,68,2016
2446,Dimitrios Konstantopoulos,68,2016
2447,Cameron Carter-Vickers,67,2016
2448,Mason Holgate,67,2016
2449,Jay Fulton,67,2016
2450,Ashley Fletcher,67,2016
2451,Joel Pereira,67,2016
2452,Nick Pope,67,2016
2453,Lloyd Isgrove,67,2016
2454,Will Keane,67,2016
2455,Kevin Long,67,2016
2456,Ben Hamer,67,2016
2457,Stuart Taylor,67,2016
2458,Oviemuno Ejaria,66,2016
2459,Dael Fry,66,2016
2460,Lynden Gooch,66,2016
2461,Thierry Ambrose,66,2016
2462,Matthew Pennington,66,2016
2463,Ezekiel Fryers,66,2016
2464,Hal Robson-Kanu,66,2016
2465,Brahim Diaz,65,2016
2466,Ademola Lookman,65,2016
2467,Kieran Dowell,65,2016
2468,Martin Samuelsen,65,2016
2469,Angus Gunn,65,2016
2470,Baily Cargill,65,2016
2471,Kenji Gorre,65,2016
2472,Brad Smith,65,2016
2473,James Husband,65,2016
2474,Sam Field,64,2016
2475,Jonathan Leko,64,2016
2476,Aleix Garcia,64,2016
2477,Dan Agyei,64,2016
2478,Hamza Choudhury,64,2016
2479,Ainsley Maitland-Niles,64,2016
2480,Regan Poole,64,2016
2481,Sheyi Ojo,64,2016
2482,Jake Hesketh,64,2016
2483,Sinan Bytyqi,64,2016
2484,Sam McQueen,64,2016
2485,Ryan Allsop,64,2016
2486,Callum Gribbin,63,2016
2487,Julien Ngoy,63,2016
2488,Ben Woodburn,63,2016
2489,Joel Asoro,63,2016
2490,Donyell Malen,63,2016
2491,Andre Wright,63,2016
2492,Jeff Reine-Adelaide,63,2016
2493,Ola Aina,63,2016
2494,Tosin Adarabioyo,63,2016
2495,Dominic Calvert-Lewin,63,2016
2496,Josh Sims,63,2016
2497,Ryan Seager,63,2016
2498,Brian Lenihan,63,2016
2499,Domingos Quina,62,2016
2500,Zachary Elbouzedi,62,2016
2501,Cameron Humphreys-Grant,62,2016
2502,Oliver McBurnie,62,2016
2503,Joshua Harrop,62,2016
2504,Daniel Bachmann,62,2016
2505,Zachary Dearnley,61,2016
2506,DJ Buffonge,61,2016
2507,Danny Barbir,61,2016
2508,Ben Liddle,61,2016
2509,Herbie Kane,61,2016
2510,Kyle Edwards,61,2016
2511,Harry Charsley,61,2016
2512,Paolo Fernandes,61,2016
2513,Jonathan Benteke,61,2016
2514,Harry Wilson,61,2016
2515,Callam Jones,61,2016
2516,Jordan Houghton,61,2016
2517,Rhian Brewster,60,2016
2518,Tom Edwards,60,2016
2519,Dujon Sterling,60,2016
2520,Paulo Alves,60,2016
2521,Thibaud Verlinden,60,2016
2522,Marcus Edwards,60,2016
2523,Josh Maja,60,2016
2524,Jimmy Dunne,60,2016
2525,Josh Tymon,60,2016
2526,Daniel James,60,2016
2527,Conor Masterson,60,2016
2528,Marcus Browne,60,2016
2529,Jack Simpson,60,2016
2530,Djair Parfitt-Williams,60,2016
2531,Antonee Robinson,60,2016
2532,Eddy Lecygne,60,2016
2533,Kyle Walker-Peters,60,2016
2534,Chris Willock,60,2016
2535,Rees Greenwood,60,2016
2536,Connor Roberts,60,2016
2537,Aaron Nemane,60,2016
2538,Jack Rose,60,2016
2539,Bradley Fewster,60,2016
2540,Courtney Duffus,60,2016
2541,Donald Love,60,2016
2542,David Henen,60,2016
2543,Marcus Tavernier,59,2016
2544,Ogo Obi,59,2016
2545,Demetri Mitchell,59,2016
2546,Ben Hinchliffe,59,2016
2547,Ollie Harfield,59,2016
2548,Aaron Ramsdale,59,2016
2549,Luke Dreher,59,2016
2550,Liam Edwards,59,2016
2551,Will Patching,59,2016
2552,Will Wood,59,2016
2553,Greg Luer,59,2016
2554,Jordan Williams,59,2016
2555,George Honeyman,59,2016
2556,Jordan McGheeL,59,2016
2557,Adam King,59,2016
2558,Rene Gilmartin,59,2016
2559,Dan Kemp,58,2016
2560,Robbie McCourt,58,2016
2561,Scott McTominay,58,2016
2562,Mikael Ndjoli,58,2016
2563,Ellis Barkworth,58,2016
2564,Dara O'Shea,58,2016
2565,Robbie Leitch,58,2016
2566,Tolaji Bola,58,2016
2567,Mason Mount,58,2016
2568,Kyle Scott,58,2016
2569,Ryan Blair,58,2016
2570,Jack Fitzwater,58,2016
2571,Mateusz Hewelt,58,2016
2572,Daniel Iversen,58,2016
2573,Ola Adeyemo,58,2016
2574,Bradley Collins,58,2016
2575,Jarrod Bowen,58,2016
2576,Ryan Huddart,58,2016
2577,Admiral Muskwe,57,2016
2578,Nathan McGinley,57,2016
2579,Declan Rice,57,2016
2580,Anthony Georgiou,57,2016
2581,Christian Maghoma,57,2016
2582,Trevoh Chalobah,57,2016
2583,Filip Lesniak,57,2016
2584,Joe Williams,57,2016
2585,Joshua Debayo,57,2016
2586,Harry Limb,56,2016
2587,Daniel Batty,56,2016
2588,Elliot Embleton,56,2016
2589,Darnell Johnson,56,2016
2590,Sam Surridge,56,2016
2591,Ike Ugbo,56,2016
2592,Tunji Akinola,56,2016
2593,Josh Robson,56,2016
2594,Aaron Bissaka,56,2016
2595,Dom Telford,56,2016
2596,Conor Mitchell,56,2016
2597,Harry Isted,56,2016
2598,Connor Randall,56,2016
2599,Dylan Watts,55,2016
2600,Charlie Rowan,55,2016
2601,Michael Phillips,55,2016
2602,Cy Goddard,55,2016
2603,Thomas Glover,55,2016
2604,Joe Pritchard,55,2016
2605,Bradley Jackson,55,2016
2606,Moses Makasi,55,2016
2607,Matt Worthington,54,2016
2608,Connor Stevens,54,2016
2609,Brandon Mason,54,2016
2610,Khius Metz,54,2016
2611,Bassala Sambou,54,2016
2612,Jordan Holmes,54,2016
2613,Patrick O'Flaherty,54,2016
2614,George Byers,54,2016
2615,Mark Waddington,54,2016
2616,Matty Miles,53,2016
2617,Jamie Thomas,53,2016
2618,Taofiq Olomowewe,53,2016
2619,Arlen Birch,53,2016
2620,Alex Pattison,53,2016
2621,Hayden Coulson,53,2016
2622,Brandon Fox,53,2016
2623,Alfie Whiteman,52,2016
2624,Andrew Eleftheriou,52,2016
2625,Freddy Yao,52,2016
2626,Matthew Elsdon,52,2016
2627,Kleton Perntreou,52,2016
2628,Will Mannion,51,2016
2629,Christian Hill,51,2016
2630,Lewis Maloney,51,2016
2631,Jasko Keranovic,50,2016
2632,Ethan Ross,50,2016
2633,Greg Olley,50,2016
2634,Kane Wilson,48,2016
2635,Carl Stewart,48,2016
2636,De Gea,91,2017
2637,Kevin De Bruyne,91,2017
2638,Eden Hazard,91,2017
2639,Thibaut Courtois,89,2017
2640,David Silva,89,2017
2641,Sergio Aguero,89,2017
2642,N'Golo Kante,88,2017
2643,Harry Kane,88,2017
2644,Paul Pogba,88,2017
2645,Christian Eriksen,88,2017
2646,Alexis Sanchez,88,2017
2647,Hugo Lloris,88,2017
2648,Mohamed Salah,87,2017
2649,Pierre-Emerick Aubameyang,87,2017
2650,Mesut Ozil,87,2017
2651,Romelu Lukaku,86,2017
2652,Azpilicueta,86,2017
2653,Jan Vertonghen,86,2017
2654,Leroy Sane,85,2017
2655,Ederson,85,2017
2656,Raheem Sterling,85,2017
2657,Roberto Firmino,85,2017
2658,Nicolas Otamendi,85,2017
2659,Nemanja Matic,85,2017
2660,İlkay Gundogan,85,2017
2661,Toby Alderweireld,85,2017
2662,Cesc Fabregas,85,2017
2663,Vincent Kompany,85,2017
2664,Fernandinho,85,2017
2665,Eric Bailly,84,2017
2666,Bernardo Silva,84,2017
2667,Dele Alli,84,2017
2668,Sadio Mane,84,2017
2669,Riyad Mahrez,84,2017
2670,Virgil van Dijk,84,2017
2671,Morata,84,2017
2672,Heung Min Son,84,2017
2673,Alexandre Lacazette,84,2017
2674,Henrikh Mkhitaryan,84,2017
2675,Kyle Walker,84,2017
2676,Willian,84,2017
2677,David Luiz,84,2017
2678,Moussa Dembele,84,2017
2679,Petr Cech,84,2017
2680,Gabriel Jesus,83,2017
2681,Aymeric Laporte,83,2017
2682,Anthony Martial,83,2017
2683,Shkodran Mustafi,83,2017
2684,Ander Herrera,83,2017
2685,Pedro,83,2017
2686,Aaron Ramsey,83,2017
2687,Juan Mata,83,2017
2688,Antonio Valencia,83,2017
2689,Laurent Koscielny,83,2017
2690,Davinson Sanchez,82,2017
2691,Andreas Christensen,82,2017
2692,Jamie Vardy,82,2017
2693,Lucas,82,2017
2694,Granit Xhaka,82,2017
2695,Wilfried Zaha,82,2017
2696,Joel Matip,82,2017
2697,Idrissa Gueye,82,2017
2698,Xherdan Shaqiri,82,2017
2699,Marcos Alonso,82,2017
2700,Adrien Silva,82,2017
2701,Georginio Wijnaldum,82,2017
2702,Adam Lallana,82,2017
2703,Olivier Giroud,82,2017
2704,Gary Cahill,82,2017
2705,Kasper Schmeichel,82,2017
2706,Marcus Rashford,81,2017
2707,Joao MarioL,81,2017
2708,Sead Kolasinac,81,2017
2709,Jesse Lingard,81,2017
2710,Ben Davies,81,2017
2711,Antonio Rudiger,81,2017
2712,Jack Butland,81,2017
2713,DeulofeuL,81,2017
2714,Eric Dier,81,2017
2715,Alex Oxlade-Chamberlain,81,2017
2716,Serge Aurier,81,2017
2717,Nathaniel Clyne,81,2017
2718,Chris Smalling,81,2017
2719,Iborra,81,2017
2720,Jack Wilshere,81,2017
2721,Manuel Lanzini,81,2017
2722,Victor Wanyama,81,2017
2723,Gylfi Sigurdsson,81,2017
2724,Marko Arnautovic,81,2017
2725,Jordan Henderson,81,2017
2726,Seamus Coleman,81,2017
2727,Daniel SturridgeL,81,2017
2728,Danny Rose,81,2017
2729,Tom Heaton,81,2017
2730,Onyinye Ndidi,80,2017
2731,Tiemoue Bakayoko,80,2017
2732,Emre Can,80,2017
2733,Abdoulaye Doucoure,80,2017
2734,Michael Keane,80,2017
2735,Jordan Pickford,80,2017
2736,Loris Karius,80,2017
2737,Hector Bellerin,80,2017
2738,John Stones,80,2017
2739,Davy Klaassen,80,2017
2740,Marcos Rojo,80,2017
2741,Ross Barkley,80,2017
2742,Dejan Lovren,80,2017
2743,Phil Jones,80,2017
2744,Cenk Tosun,80,2017
2745,Daley Blind,80,2017
2746,Ben Mee,80,2017
2747,Kieran Trippier,80,2017
2748,Danny Drinkwater,80,2017
2749,Orestis KarnezisL,80,2017
2750,Mamadou Sakho,80,2017
2751,Nacho Monreal,80,2017
2752,Morgan Schneiderlin,80,2017
2753,Claudio Bravo,80,2017
2754,Simon Mignolet,80,2017
2755,Sergio Romero,80,2017
2756,Victor Moses,80,2017
2757,Asmir Begovic,80,2017
2758,Erik Lamela,80,2017
2759,Łukasz Fabiański,80,2017
2760,Leighton Baines,80,2017
2761,Santi Cazorla,80,2017
2762,James Milner,80,2017
2763,Yaya Toure,80,2017
2764,Islam SlimaniL,79,2017
2765,Andrew Robertson,79,2017
2766,Davide Zappacosta,79,2017
2767,Benjamin Mendy,79,2017
2768,Harry Maguire,79,2017
2769,James Tarkowski,79,2017
2770,Dusan Tadic,79,2017
2771,Danilo,79,2017
2772,Grzegorz KrychowiakL,79,2017
2773,Roberto Pereyra,79,2017
2774,Michail Antonio,79,2017
2775,Danny Welbeck,79,2017
2776,Christian Benteke,79,2017
2777,Fabian Delph,79,2017
2778,Javier Hernandez,79,2017
2779,Marouane Fellaini,79,2017
2780,Steven Defour,79,2017
2781,Ryan Bertrand,79,2017
2782,Jonny Evans,79,2017
2783,Theo Walcott,79,2017
2784,Ashley Young,79,2017
2785,Willy Caballero,79,2017
2786,Phil Jagielka,79,2017
2787,Victor Lindelof,78,2017
2788,Jose Izquierdo,78,2017
2789,Nathan Ake,78,2017
2790,Luka Milivojevic,78,2017
2791,Luke Shaw,78,2017
2792,Kurt ZoumaL,78,2017
2793,Nick Pope,78,2017
2794,Jamaal Lascelles,78,2017
2795,Cedric,78,2017
2796,Nacer Chadli,78,2017
2797,Matthew Lowton,78,2017
2798,Oriol Romeu,78,2017
2799,Mathew Ryan,78,2017
2800,Manolo Gabbiadini,78,2017
2801,Florian Lejeune,78,2017
2802,Aaron Mooy,78,2017
2803,Andros Townsend,78,2017
2804,Adrian,78,2017
2805,Johann Berg Gudmundsson,78,2017
2806,Pascal Gross,78,2017
2807,Eliaquim MangalaL,78,2017
2808,Wilfried Bony,78,2017
2809,Jonjo Shelvey,78,2017
2810,Aleksandar DragovicL,78,2017
2811,James McCarthy,78,2017
2812,Joe Allen,78,2017
2813,Matteo Darmian,78,2017
2814,Angelo Ogbonna,78,2017
2815,Eric Maxim Choupo-Moting,78,2017
2816,Andre Ayew,78,2017
2817,David Ospina,78,2017
2818,James Tomkins,78,2017
2819,Jack Cork,78,2017
2820,Ryan Shawcross,78,2017
2821,Yohan Cabaye,78,2017
2822,Ben Foster,78,2017
2823,Joe HartL,78,2017
2824,Ragnar Klavan,78,2017
2825,Michel Vorm,78,2017
2826,Gomes,78,2017
2827,Jermain Defoe,78,2017
2828,Mohamed Elneny,77,2017
2829,Mario Lemina,77,2017
2830,Sofiane Boufal,77,2017
2831,James Ward-Prowse,77,2017
2832,Alberto Moreno,77,2017
2833,Jurgen Locadia,77,2017
2834,Andre CarrilloL,77,2017
2835,Federico Fernandez,77,2017
2836,Robbie Brady,77,2017
2837,Pedro Obiang,77,2017
2838,Ramiro Funes Mori,77,2017
2839,Bruno Martins Indi,77,2017
2840,Jordan Ayew,77,2017
2841,Callum Wilson,77,2017
2842,Charlie Austin,77,2017
2843,Shinji Okazaki,77,2017
2844,Davy Propper,77,2017
2845,Steve Cook,77,2017
2846,Chris Wood,77,2017
2847,Salomon Rondon,77,2017
2848,Yannick Bolasie,77,2017
2849,Mame Diouf,77,2017
2850,Ashley Barnes,77,2017
2851,Leroy Fer,77,2017
2852,Kieran Gibbs,77,2017
2853,Joshua King,77,2017
2854,Moussa Sissoko,77,2017
2855,Troy Deeney,77,2017
2856,Andy Carroll,77,2017
2857,Jose Holebas,77,2017
2858,Winston Reid,77,2017
2859,Jay Rodriguez,77,2017
2860,Ashley Williams,77,2017
2861,Llorente,77,2017
2862,Aaron Lennon,77,2017
2863,Richarlison,76,2017
2864,Steve Mounie,76,2017
2865,Badou Ndiaye,76,2017
2866,Georges-Kevin NkoudouL,76,2017
2867,Wesley Hoedt,76,2017
2868,Alex Iwobi,76,2017
2869,Pierre-Emile Hojbjerg,76,2017
2870,DeAndre Yedlin,76,2017
2871,Arthur Masuaku,76,2017
2872,Emerson,76,2017
2873,Ahmed Hegazi,76,2017
2874,Will Hughes,76,2017
2875,Nathaniel Chalobah,76,2017
2876,Anthony Knockaert,76,2017
2877,Terence KongoloL,76,2017
2878,JeseL,76,2017
2879,Christopher Schindler,76,2017
2880,Lewis Dunk,76,2017
2881,Nathan Redmond,76,2017
2882,Danny Ings,76,2017
2883,Andre Gray,76,2017
2884,Allan Nyom,76,2017
2885,Shane Duffy,76,2017
2886,Kiko Femenia,76,2017
2887,Tom Cleverley,76,2017
2888,Alex McCarthy,76,2017
2889,Matt Phillips,76,2017
2890,Daryl Janmaat,76,2017
2891,Cheikhou Kouyate,76,2017
2892,Matt Ritchie,76,2017
2893,Harry Arter,76,2017
2894,Marc Albrighton,76,2017
2895,Ciaran Clark,76,2017
2896,Ki Sung Yueng,76,2017
2897,Sam Vokes,76,2017
2898,Etienne Capoue,76,2017
2899,Sebastian Prodl,76,2017
2900,Andrew Surman,76,2017
2901,Fraser Forster,76,2017
2902,James McArthur,76,2017
2903,Stephen Ward,76,2017
2904,Scott Dann,76,2017
2905,Mark Noble,76,2017
2906,Pablo Zabaleta,76,2017
2907,Christian Fuchs,76,2017
2908,Wes Morgan,76,2017
2909,Simon Francis,76,2017
2910,Gareth Barry,76,2017
2911,Ramadan Sobhi,75,2017
2912,Trent Alexander-Arnold,75,2017
2913,Renato SanchesL,75,2017
2914,Kelechi Iheanacho,75,2017
2915,Merino,75,2017
2916,Lewis Cook,75,2017
2917,Harry Winks,75,2017
2918,Demarai Gray,75,2017
2919,Martin Dubravka,75,2017
2920,KenedyL,75,2017
2921,Ayoze Perez,75,2017
2922,Guido Carrillo,75,2017
2923,Ruben Loftus-CheekL,75,2017
2924,Laurent Depoitre,75,2017
2925,Daniel Amartey,75,2017
2926,Chancel Mbemba,75,2017
2927,Kevin Wimmer,75,2017
2928,Alfie Mawson,75,2017
2929,Oumar Niasse,75,2017
2930,Calum Chambers,75,2017
2931,Dwight Gayle,75,2017
2932,Christian Atsu,75,2017
2933,Moritz Bauer,75,2017
2934,Konstantinos StafylidisL,75,2017
2935,Jeff Hendrick,75,2017
2936,Craig Dawson,75,2017
2937,Marvin Zeegelaar,75,2017
2938,Ezequiel Schelotto,75,2017
2939,Luciano Narsingh,75,2017
2940,Maya Yoshida,75,2017
2941,Adam Smith,75,2017
2942,Christian Kabasele,75,2017
2943,Junior Stanislas,75,2017
2944,Miguel Angel Britos,75,2017
2945,Geoff Cameron,75,2017
2946,Patrick van Aanholt,75,2017
2947,Martin Olsson,75,2017
2948,Claudio Yacob,75,2017
2949,Jonathan Hogg,75,2017
2950,Mathias Jorgensen,75,2017
2951,Dale Stephens,75,2017
2952,Erik Pieters,75,2017
2953,Stefano Okaka,75,2017
2954,Joselu,75,2017
2955,Jonas Lossl,75,2017
2956,Tim Krul,75,2017
2957,Charlie Daniels,75,2017
2958,Danny Simpson,75,2017
2959,Shane Long,75,2017
2960,Younes Kaboul,75,2017
2961,James Morrison,75,2017
2962,Ibrahim Afellay,75,2017
2963,Steven Davis,75,2017
2964,Gareth McAuley,75,2017
2965,Artur Boruc,75,2017
2966,Patrice Evra,75,2017
2967,James Collins,75,2017
2968,Timothy Fosu-MensahL,74,2017
2969,Tammy AbrahamL,74,2017
2970,Tom Davies,74,2017
2971,Jairo Riedewald,74,2017
2972,Manquillo,74,2017
2973,Ryan Fraser,74,2017
2974,Jordon Ibe,74,2017
2975,Molla WagueL,74,2017
2976,Charlie Taylor,74,2017
2977,Paul Dummett,74,2017
2978,Joel Robles,74,2017
2979,Aaron Cresswell,74,2017
2980,Ashley Westwood,74,2017
2981,Jake Livermore,74,2017
2982,Mohamed Diame,74,2017
2983,Kyle Naughton,74,2017
2984,Joel Ward,74,2017
2985,Martin Kelly,74,2017
2986,Yohan Benalouane,74,2017
2987,Gaetan Bong,74,2017
2988,Nathan Dyer,74,2017
2989,Adrian Mariappa,74,2017
2990,Glenn Murray,74,2017
2991,Eduardo,74,2017
2992,Darren Fletcher,74,2017
2993,Robert Huth,74,2017
2994,Lee Grant,74,2017
2995,Chris Brunt,74,2017
2996,Ben Chilwell,73,2017
2997,Rob Holding,73,2017
2998,Joe Gomez,73,2017
2999,Mason Holgate,73,2017
3000,Florent Hadergjonaj,73,2017
3001,Didier NdongL,73,2017
3002,Sam Byram,73,2017
3003,Mike van der Hoorn,73,2017
3004,Alex Pritchard,73,2017
3005,Saido Berahino,73,2017
3006,Chris Lowe,73,2017
3007,Tom Carroll,73,2017
3008,Tom Ince,73,2017
3009,James McClean,73,2017
3010,Kevin Long,73,2017
3011,Sam Clucas,73,2017
3012,Kristoffer Nordfeldt,73,2017
3013,Kyle Bartley,73,2017
3014,Matty James,73,2017
3015,Dan Gosling,73,2017
3016,Jeremy Pied,73,2017
3017,Craig Cathcart,73,2017
3018,Scott Arfield,73,2017
3019,Wayne Hennessey,73,2017
3020,Markus Suttner,73,2017
3021,Leonardo UlloaL,73,2017
3022,Charlie Adam,73,2017
3023,Àngel Rangel,73,2017
3024,Jason Puncheon,73,2017
3025,Bruno Saltor,73,2017
3026,Jonathan Walters,73,2017
3027,Diego Cavalieri,73,2017
3028,Glen Johnson,73,2017
3029,Wayne Routledge,73,2017
3030,Boaz Myhill,73,2017
3031,Peter Crouch,73,2017
3032,Maarten Stekelenburg,73,2017
3033,Jordan Hugill,72,2017
3034,Solly March,72,2017
3035,Isaac Hayden,72,2017
3036,Jacob Murphy,72,2017
3037,Tomer Hemed,72,2017
3038,Tommy Smith,72,2017
3039,Elias Kachunga,72,2017
3040,Jeffrey Schlupp,72,2017
3041,Beram Kayal,72,2017
3042,Karl Darlow,72,2017
3043,Connor Wickham,72,2017
3044,Andy KingL,72,2017
3045,Erwin Mulder,72,2017
3046,Bakary Sako,72,2017
3047,Stephen Ireland,72,2017
3048,Rob Elliot,72,2017
3049,Marc Pugh,72,2017
3050,Adam Federici,72,2017
3051,Phil Bardsley,72,2017
3052,Jesus Gamez,72,2017
3053,Rob Green,72,2017
3054,Eldin Jakupovic,72,2017
3055,Julian Speroni,72,2017
3056,Dominic Calvert-Lewin,71,2017
3057,Alexander Sorloth,71,2017
3058,Edimilson Fernandes,71,2017
3059,Cuco Martina,71,2017
3060,Jack Stephens,71,2017
3061,Nahki Wells,71,2017
3062,Danny Williams,71,2017
3063,Scott Malone,71,2017
3064,Uwe Hunemeier,71,2017
3065,Dodi Lukebakio,70,2017
3066,Oleksandr Zinchenko,70,2017
3067,Oliver Burke,70,2017
3068,Dominic Solanke,70,2017
3069,Jonjoe Kenny,70,2017
3070,Erdal RakipL,70,2017
3071,Isaiah Brown,70,2017
3072,Tyrone Mings,70,2017
3073,Michael Hefele,70,2017
3074,Danny Ward,70,2017
3075,Paulo Gazzaniga,70,2017
3076,Connor Goldson,70,2017
3077,Pape Souare,70,2017
3078,Luke Garbutt,70,2017
3079,Rajiv van La Parra,70,2017
3080,Adam Bogdan,70,2017
3081,Sam Baldock,70,2017
3082,Lee Chung Yong,70,2017
3083,Dean Marney,70,2017
3084,Phil Foden,69,2017
3085,Fousseni Diabate,69,2017
3086,Lys Mousset,69,2017
3087,Massadio Haidara,69,2017
3088,Collin Quaner,69,2017
3089,Hal Robson-Kanu,69,2017
3090,Nikola Vlasic,68,2017
3091,Scott McTominay,68,2017
3092,Juan Foyth,68,2017
3093,Harvey Barnes,68,2017
3094,Ali Gabr,68,2017
3095,Ainsley Maitland-Niles,68,2017
3096,Jan Bednarek,68,2017
3097,Josh Sims,68,2017
3098,Shani Tarashaj,68,2017
3099,Jiri Skalak,68,2017
3100,Tommie Hoban,68,2017
3101,Ben Hamer,68,2017
3102,Niki Maenpaa,68,2017
3103,Anders Lindegaard,68,2017
3104,Tom Edwards,67,2017
3105,Declan Rice,67,2017
3106,Cameron Borthwick-Jackson,67,2017
3107,Brahim Diaz,67,2017
3108,Hamza Choudhury,67,2017
3109,Jarosław Jach,67,2017
3110,Philip Billing,67,2017
3111,Emerson Hyndman,67,2017
3112,Sam McQueen,67,2017
3113,Ales Matějů,66,2017
3114,Marcus Edwards,66,2017
3115,Sam Field,66,2017
3116,Joe Riley,66,2017
3117,Kyle Walker-Peters,66,2017
3118,Jake Hesketh,66,2017
3119,Conor Grant,66,2017
3120,Sean Scannell,66,2017
3121,Konstantinos Mavropanos,65,2017
3122,Ben Woodburn,65,2017
3123,Aaron Wan-Bissaka,65,2017
3124,Josh Cullen,65,2017
3125,Sead Haksabanovič,65,2017
3126,Charlie Colkett,65,2017
3127,Gedion Zelalem,65,2017
3128,Henrik Bjordal,65,2017
3129,Jakob Haugaard,65,2017
3130,Adam Legzdins,65,2017
3131,Tyrese Campbell,64,2017
3132,Angel Gomes,64,2017
3133,Beni Baningime,64,2017
3134,Callum Gribbin,64,2017
3135,Ro-Shaun Williams,64,2017
3136,Tahith Chong,64,2017
3137,Reiss Nelson,64,2017
3138,Jonathan Leko,64,2017
3139,Aiden O'Neill,64,2017
3140,Ollie Shenton,64,2017
3141,Tosin Adarabioyo,64,2017
3142,George Thomas,64,2017
3143,Kenji Gorre,64,2017
3144,Stuart Taylor,64,2017
3145,Michael Obafemi,63,2017
3146,Callum Hudson-Odoi,63,2017
3147,Ethan Hamilton,63,2017
3148,Victor Fernandez,63,2017
3149,Sam Hughes,63,2017
3150,Daniel Jarvis,63,2017
3151,Lewis Banks,63,2017
3152,Arijanet Muric,63,2017
3153,Lukas Nmecha,63,2017
3154,Fraser Hornby,62,2017
3155,Lasse Sorensen,62,2017
3156,Martell Taylor-Crossdale,62,2017
3157,Dujon Sterling,62,2017
3158,Tosin Kehinde,62,2017
3159,Zachary Dearnley,62,2017
3160,DJ Buffonge,62,2017
3161,Abdelhamid Sabiri,62,2017
3162,Tashan Oakley-Boothe,62,2017
3163,Domingos Quina,62,2017
3164,Yan Dhanda,62,2017
3165,Macaulay Gillesphey,62,2017
3166,Jon Gorenc Stankovic,62,2017
3167,Cameron Humphreys-Grant,62,2017
3168,Kylian Hazard,62,2017
3169,Jake Flannigan,62,2017
3170,Gregor Zabret,62,2017
3171,Daniel Bachmann,62,2017
3172,Curtis Good,62,2017
3173,Luke Charman,61,2017
3174,Rayhaan Tulloch,61,2017
3175,Tre Pemberton,61,2017
3176,Rekeem Harper,61,2017
3177,Rhian Brewster,61,2017
3178,Nathan Holland,61,2017
3179,Edward Nketiah,61,2017
3180,Herbie Kane,61,2017
3181,Liandro Martis,61,2017
3182,Jack Simpson,61,2017
3183,Matt Butcher,61,2017
3184,Dennon Lewis,61,2017
3185,Daniel Gyollai,61,2017
3186,Cian Harries,61,2017
3187,Daniel Barlaser,61,2017
3188,Callum Roberts,61,2017
3189,Connor Roberts,61,2017
3190,Javairo Dilrosun,61,2017
3191,Jack Rose,61,2017
3192,Jerome Sinclair,61,2017
3193,Alex Bradley,60,2017
3194,Tom Plezier,60,2017
3195,Joseph Willock,60,2017
3196,Jayson Molumby,60,2017
3197,Alfie Jones,60,2017
3198,Ethan Ampadu,60,2017
3199,Liam Cullen,60,2017
3200,Morgan Feeney,60,2017
3201,Anthony Georgiou,60,2017
3202,Olufela Olomola,60,2017
3203,Kyle Scott,60,2017
3204,Daniel James,60,2017
3205,Conor Masterson,60,2017
3206,Antony Evans,60,2017
3207,Marcus Browne,60,2017
3208,Trevoh Chalobah,60,2017
3209,Dumeaco Duhaney,60,2017
3210,Jordan Williams,60,2017
3211,Joel Coleman,60,2017
3212,Nnamdi Ofoborh,59,2017
3213,Tony Gallacher,59,2017
3214,George McEachran,59,2017
3215,Toni Gomes,59,2017
3216,Bobby Adekanye,59,2017
3217,Zech Medley,59,2017
3218,Jack Kiersey,59,2017
3219,Reece James,59,2017
3220,Samuel Shashoua,59,2017
3221,Yan Valery,59,2017
3222,Admiral Muskwe,59,2017
3223,Corey Jordan,59,2017
3224,Aaron Lewis,59,2017
3225,Tolaji Bola,59,2017
3226,Joel Latibeaudiere,59,2017
3227,Luke Dreher,59,2017
3228,Josh Dasilva,59,2017
3229,Christian Maghoma,59,2017
3230,Jordan Lee,59,2017
3231,Callum Slattery,59,2017
3232,Conor Mitchell,59,2017
3233,Tom Dallison,59,2017
3234,Nathan Ferguson,58,2017
3235,Jamie Soule,58,2017
3236,Oliver Skipp,58,2017
3237,Tinashe Chakwana,58,2017
3238,Tyler Cordner,58,2017
3239,Kyle Jameson,58,2017
3240,Nathan Trott,58,2017
3241,Dan Kemp,58,2017
3242,Matt Worthington,58,2017
3243,Layton Ndukwu,58,2017
3244,Keelan O'Connell,58,2017
3245,Grady Diangana,58,2017
3246,Josef Yarney,58,2017
3247,James Tilley,58,2017
3248,Will Wood,58,2017
3249,Liam Smith,58,2017
3250,Ryan Huddart,58,2017
3251,Matt Macey,58,2017
3252,Keanan Bennetts,57,2017
3253,Nya Kirby,57,2017
3254,Kazaiah Sterling,57,2017
3255,Darnell Johnson,57,2017
3256,Rekeil Pyke,57,2017
3257,Joshua Debayo,57,2017
3258,Adnan Maric,57,2017
3259,Ben Johnson,56,2017
3260,Ali Koiki,56,2017
3261,Jordan Williams,56,2017
3262,Aaron Connolly,56,2017
3263,Ryan Schofield,56,2017
3264,Alfie Whiteman,56,2017
3265,Jordi Osei-Tutu,56,2017
3266,Tom Dele-Bashiru,56,2017
3267,Jason Lokilo,56,2017
3268,Oliver O'Dwyer,56,2017
3269,Sam Howes,56,2017
3270,Josh Pask,56,2017
3271,Ntumba Massanka,56,2017
3272,Sadou Diallo,56,2017
3273,Vashon Neufville,56,2017
3274,Tyler Hornby-Forbes,56,2017
3275,Stefan O'Connor,56,2017
3276,Alex Palmer,56,2017
3277,Olatunde Bayode,55,2017
3278,Mark Howarth,55,2017
3279,Luca Colville,55,2017
3280,Lewis O'Brien,55,2017
3281,Warren O'Hora,55,2017
3282,Faiq Bolkiah,55,2017
3283,Levi Lumeka,55,2017
3284,Jordan Holmes,55,2017
3285,Keston Davies,55,2017
3286,Max Sanders,54,2017
3287,Denilson Carvalho,54,2017
3288,Vlad Dragomir,54,2017
3289,Rarmani Edmonds-Green,54,2017
3290,Daniel Grimshaw,54,2017
3291,Brad House,53,2017
3292,Regan Booty,53,2017
3293,Carl Stewart,50,2017
